admin1,cultivar,nitro,month,r,p,me,mae,rmse
Bomet,IF0020,4.508324102871006,3,0.055976805885763425,0.9051196352200334,0.3539822557142856,0.5115223157142855,0.5115223157142855
Bomet,IF0020,4.508324102871006,4,-0.34800048442996145,0.4443297177930454,0.4314108271428571,0.5423794585714287,0.5423794585714287
Bomet,IF0020,4.508324102871006,5,-0.2755855816789919,0.5497130684640757,0.29326797,0.6419508871428571,0.6419508871428571
