admin1,cultivar,nitro,month,r,p,me,mae,rmse
Bomet,IF0002,2.9743471556070555,3,0.25432951270338383,0.5820642374098782,0.4219822557142857,0.5318080299999999,0.5318080299999999
Bomet,IF0002,2.9743471556070555,4,-0.014465037913462042,0.9754459579491134,0.4871251128571429,0.5703794585714286,0.5703794585714286
Bomet,IF0002,2.9743471556070555,5,-0.3676017839059245,0.4172357965950046,0.27969654142857137,0.63980803,0.63980803
