admin1,cultivar,nitro,month,r,p,me,mae,rmse
Bomet,IF0003,3.2294300202279533,3,-0.13728950634764253,0.7691203695611362,0.4129822557142856,0.5370937442857142,0.5370937442857142
Bomet,IF0003,3.2294300202279533,4,-0.2617656795122006,0.5706799809784322,0.42298225571428566,0.5685223157142856,0.5685223157142856
Bomet,IF0003,3.2294300202279533,5,-0.23457705392210632,0.6126351782852828,0.16398225571428568,0.6006651728571428,0.6006651728571428
