admin1,cultivar,nitro,month,r,p,me,mae,rmse
Bomet,KY0004,197.74121012126488,3,0.2232735997420285,0.6303356980030886,1.95726797,1.95726797,1.95726797
Bomet,KY0004,197.74121012126488,4,-0.38733136402412827,0.39064007572848586,1.6046965414285714,1.6046965414285714,1.6046965414285714
Bomet,KY0004,197.74121012126488,5,0.5054310594778685,0.24721399764863636,1.306410827142857,1.306410827142857,1.306410827142857
