admin1,cultivar,nitro,month,r,p,me,mae,rmse
Bomet,IF0018,4.47848805964809,3,0.10159894035025624,0.8284090994362058,0.5888393985714284,0.644950887142857,0.644950887142857
Bomet,IF0018,4.47848805964809,4,-0.41475293264959656,0.3548573826124108,0.6728393985714284,0.6995223157142856,0.6995223157142856
Bomet,IF0018,4.47848805964809,5,-0.32761335990738144,0.47318662312754606,0.69426797,0.7566651728571427,0.7566651728571427
