admin1,cultivar,nitro,month,r,p,me,mae,rmse
Bomet,KY0006,195.3063093184177,3,-0.5679291502413875,0.18349998242131862,1.0226965414285714,1.0226965414285714,1.0226965414285714
Bomet,KY0006,195.3063093184177,4,0.2357220126944808,0.6108504062804557,0.9416965414285715,0.9416965414285715,0.9416965414285715
Bomet,KY0006,195.3063093184177,5,0.1421012479192767,0.7611896707263457,0.783410827142857,0.783410827142857,0.783410827142857
