admin1,cultivar,nitro,month,r,p,me,mae,rmse
Bungoma,IF0009,27.348022438408993,3,0.061408457376505264,0.8959462174270767,-0.4757250571428571,0.8976895028571429,0.8976895028571429
Bungoma,IF0009,27.348022438408993,4,0.41731382430001396,0.351588254115637,0.12170351428571438,0.39393724285714277,0.39393724285714277
Bungoma,IF0009,27.348022438408993,5,-0.07144496530979669,0.8790205748010985,0.2929892285714287,0.5583658142857142,0.5583658142857142
