admin1,cultivar,nitro,month,r,p,me,mae,rmse
Bungoma,KY0009,92.13470462555752,3,0.06230963414856046,0.8944251052256297,-1.0228679142857142,1.0228679142857142,1.0228679142857142
Bungoma,KY0009,92.13470462555752,4,-0.3861803474153824,0.3921725052272958,-0.7498679142857142,0.7498679142857142,0.7498679142857142
Bungoma,KY0009,92.13470462555752,5,-0.13766938810984622,0.768493659296934,-0.6905821999999999,0.6905821999999999,0.6905821999999999
