admin1,cultivar,nitro,month,r,p,me,mae,rmse
Bungoma,IF0005,44.607771525613636,3,-0.027076405293134154,0.9540505145707894,-0.3417250571428571,0.9452505914285714,0.9452505914285714
Bungoma,IF0005,44.607771525613636,4,-0.26519950338021103,0.565446933776493,-0.052296485714285676,0.47496487714285707,0.47496487714285707
Bungoma,IF0005,44.607771525613636,5,0.3333786366569433,0.4649581858645217,0.3134177999999999,0.5186791628571428,0.5186791628571428
