admin1,cultivar,nitro,month,r,p,me,mae,rmse
Bungoma,IF0007,45.54692813300048,3,-0.1145152587352744,0.8068650502427073,-0.3651536285714285,0.9983934485714284,0.9983934485714284
Bungoma,IF0007,45.54692813300048,4,0.1592802309605911,0.733014470567727,-0.09658219999999991,0.41610773428571435,0.41610773428571435
Bungoma,IF0007,45.54692813300048,5,0.5645384014435006,0.18672336951392393,0.020560657142857153,0.37067916285714286,0.37067916285714286
