admin1,cultivar,nitro,month,r,p,me,mae,rmse
Bungoma,IF0010,41.17730489364516,3,-0.04045248044043345,0.9313819118907329,-0.32515362857142854,0.9672505914285716,0.9672505914285716
Bungoma,IF0010,41.17730489364516,4,-0.3086459796365352,0.5006230036706778,0.034132085714285755,0.49808009999999997,0.49808009999999997
Bungoma,IF0010,41.17730489364516,5,0.09547173275740278,0.8386597993622891,0.42341780000000007,0.6290801,0.6290801
