admin1,cultivar,nitro,month,r,p,me,mae,rmse
Bungoma,IF0011,34.38240370015186,3,0.0035502861209728703,0.9939728850721851,-0.30343934285714275,0.8923934485714284,0.8923934485714284
Bungoma,IF0011,34.38240370015186,4,-0.13132530801417763,0.7789727394066268,0.020560657142857215,0.47108009999999995,0.47108009999999995
Bungoma,IF0011,34.38240370015186,5,0.260816672516641,0.5721289235968312,0.3178463714285715,0.5325363057142857,0.5325363057142857
