admin1,cultivar,nitro,month,r,p,me,mae,rmse
Bungoma,KY0015,59.81047410208173,3,-0.014505352940962488,0.9753775385721506,-0.4614393428571428,0.89083236,0.89083236
Bungoma,KY0015,59.81047410208173,4,0.4125532395140391,0.3576754860990238,0.1052749428571428,0.39036581428571415,0.39036581428571415
Bungoma,KY0015,59.81047410208173,5,0.3130341445869402,0.49422660742435387,0.175274942857143,0.41979438571428573,0.41979438571428573
