admin1,cultivar,nitro,month,r,p,me,mae,rmse
Bungoma,KY0005,56.40401909182986,3,-0.009810674619983216,0.9833456829948919,-0.4270107714285714,0.9446895028571429,0.9446895028571429
Bungoma,KY0005,56.40401909182986,4,-0.009115824978115541,0.9845251378591034,-0.03401077142857144,0.5009648771428572,0.5009648771428572
Bungoma,KY0005,56.40401909182986,5,0.7173910510656519,0.06954874391157514,-0.16358219999999987,0.3237147171428571,0.3237147171428571
