admin1,cultivar,nitro,month,r,p,me,mae,rmse
Bungoma,KY0017,115.41981096330014,3,-0.10595396857954294,0.821134903201788,-0.7782964857142856,0.8434037885714287,0.8434037885714287
Bungoma,KY0017,115.41981096330014,4,0.676295287513333,0.09528821396494984,-0.37201077142857136,0.39042900285714294,0.39042900285714294
Bungoma,KY0017,115.41981096330014,5,0.7577955047499148,0.04842842871554712,-0.5102964857142857,0.5102964857142857,0.5102964857142857
