admin1,cultivar,nitro,month,r,p,me,mae,rmse
Bungoma,IM0003,61.17294907049384,3,-0.14160631423453923,0.7620046630832171,-0.6542964857142858,1.0422609314285716,1.0422609314285716
Bungoma,IM0003,61.17294907049384,4,-0.15910595613692904,0.7332991536036157,-0.03558219999999996,0.47893724285714284,0.47893724285714284
Bungoma,IM0003,61.17294907049384,5,0.06574288124699852,0.8886324551650401,0.15841780000000005,0.4546515285714285,0.4546515285714285
