admin1,cultivar,nitro,month,r,p,me,mae,rmse
Kakamega,IF0004,35.06547195152164,3,0.3512263533173128,0.43982604890921706,0.11785457571428563,0.3558224614285714,0.3558224614285714
Kakamega,IF0004,35.06547195152164,4,-0.242731859051607,0.5999570011606112,-0.03785970999999993,0.4528071271428571,0.4528071271428571
Kakamega,IF0004,35.06547195152164,5,0.30998016719858057,0.4986751660152443,0.1658545757142857,0.36391786999999987,0.36391786999999987
