admin1,cultivar,nitro,month,r,p,me,mae,rmse
Kakamega,IF0008,24.267050085515486,3,0.16484344584566543,0.7239397173149376,0.009997432857142925,0.37748929857142854,0.37748929857142854
Kakamega,IF0008,24.267050085515486,4,-0.6048555653133159,0.1501856533764768,-0.021716852857142914,0.4280928414285715,0.4280928414285715
Kakamega,IF0008,24.267050085515486,5,0.5033969176709915,0.24943710014344206,0.13714028999999997,0.34323569857142855,0.34323569857142855
