admin1,cultivar,nitro,month,r,p,me,mae,rmse
Kakamega,KY0016,20.854542718626526,3,0.38907572883412234,0.3883222746043193,-0.04143113857142855,0.3418071271428572,0.3418071271428572
Kakamega,KY0016,20.854542718626526,4,0.5254434897375002,0.22583625993130635,-0.06243113857142858,0.2890928414285714,0.2890928414285714
Kakamega,KY0016,20.854542718626526,5,0.5696664392094503,0.18185904240519726,0.06942600428571429,0.28866426999999995,0.28866426999999995
