admin1,cultivar,nitro,month,r,p,me,mae,rmse
Kakamega,KY0006,69.06543994168965,3,-0.23687497319881085,0.6090547066431597,0.010711718571428623,0.3770607271428571,0.3770607271428571
Kakamega,KY0006,69.06543994168965,4,-0.6063998445668993,0.14886465743640603,-0.1292882814285715,0.4190607271428571,0.4190607271428571
Kakamega,KY0006,69.06543994168965,5,0.33164748270896516,0.46742340628334317,-0.16643113857142855,0.32106072714285716,0.32106072714285716
