admin1,cultivar,nitro,month,r,p,me,mae,rmse
Kakamega,KY0005,48.88026286691539,3,0.06314330477101684,0.8930181668021828,-0.04885970999999999,0.42063215571428575,0.42063215571428575
Kakamega,KY0005,48.88026286691539,4,0.4569943837258145,0.3025894811596365,-0.03800256714285718,0.2802510328571427,0.2802510328571427
Kakamega,KY0005,48.88026286691539,5,0.06386631519282367,0.8917981638019892,0.17985457571428567,0.40334644142857146,0.40334644142857146
