admin1,cultivar,nitro,month,r,p,me,mae,rmse
Kakamega,KY0003,79.49063372302325,3,-0.17938982950090354,0.7003348048188208,-0.2081454242857143,0.49296531857142856,0.49296531857142856
Kakamega,KY0003,79.49063372302325,4,0.2656724647727485,0.5647273534538605,-0.026716852857142932,0.39410817571428575,0.39410817571428575
Kakamega,KY0003,79.49063372302325,5,0.38762548941209846,0.3902488721610153,0.025854575714285684,0.3522035842857143,0.3522035842857143
