admin1,cultivar,nitro,month,r,p,me,mae,rmse
Kakamega,KY0009,99.48872730216061,3,0.8414837551898452,0.017608613753910853,-0.26914542428571425,0.35891786999999997,0.35891786999999997
Kakamega,KY0009,99.48872730216061,4,-0.7888946856860201,0.0349729490667931,-0.3625739957142858,0.5052035842857143,0.5052035842857143
Kakamega,KY0009,99.48872730216061,5,-0.3846075298949282,0.39427039297573857,-0.31514542428571435,0.46206072714285706,0.46206072714285706
