admin1,cultivar,nitro,month,r,p,me,mae,rmse
Kakamega,KY0015,42.31520829860125,3,0.39075983006951603,0.38608981751908217,-0.029002567142857094,0.35934644142857153,0.35934644142857153
Kakamega,KY0015,42.31520829860125,4,0.12801999110995643,0.7844430783457672,-0.025431138571428598,0.3172356985714285,0.3172356985714285
Kakamega,KY0015,42.31520829860125,5,-0.056848850294649964,0.9036462681561213,0.25185457571428566,0.4096321557142857,0.4096321557142857
