admin1,cultivar,nitro,month,r,p,me,mae,rmse
Kakamega,KA0001,41.99189201501774,3,0.5477222294034264,0.20311098993557258,0.10256886142857145,0.32206072714285716,0.32206072714285716
Kakamega,KA0001,41.99189201501774,4,-0.5845324389678793,0.16811292721297,0.04928314714285707,0.38823569857142864,0.38823569857142864
Kakamega,KA0001,41.99189201501774,5,-0.46219149918669516,0.2964087619990843,0.04156886142857138,0.38509284142857153,0.38509284142857153
