admin1,cultivar,nitro,month,r,p,me,mae,rmse
Kericho,KY0003,69.48564469773903,3,0.1755220706215468,0.7065932029352476,-0.49923362714285713,0.820783895714286,0.820783895714286
Kericho,KY0003,69.48564469773903,4,-0.6382603670235062,0.12292608531194989,-0.1302336271428571,0.5508753042857143,0.5508753042857143
Kericho,KY0003,69.48564469773903,5,-0.38842050210412077,0.3891922480151768,0.05690922999999991,0.5618753042857143,0.5618753042857143
