admin1,cultivar,nitro,month,r,p,me,mae,rmse
Kericho,IF0006,30.95869438256873,3,0.32363726058520237,0.47889205216526565,-0.2966621985714286,0.64706961,0.64706961
Kericho,IF0006,30.95869438256873,4,0.06497963408631602,0.8899198893571039,-0.06859077000000006,0.4063753042857144,0.4063753042857144
Kericho,IF0006,30.95869438256873,5,0.3276812524903907,0.47308941759392437,-0.11923362714285705,0.35761075000000003,0.35761075000000003
