admin1,cultivar,nitro,month,r,p,me,mae,rmse
Kericho,KY0004,27.512939650592912,3,0.225308180676579,0.6271390201937195,-0.40801934142857144,0.7681410385714287,0.7681410385714287
Kericho,KY0004,27.512939650592912,4,-0.5802683295288703,0.1720015084452109,-0.05380505571428567,0.57558959,0.57558959
Kericho,KY0004,27.512939650592912,5,0.07463499601090938,0.8736482962115046,0.11655208714285717,0.4330895900000001,0.4330895900000001
