admin1,cultivar,nitro,month,r,p,me,mae,rmse
Kericho,IF0007,21.66830829603304,3,0.35531120007884126,0.4341481772409835,-0.383733627142857,0.6312838957142858,0.6312838957142858
Kericho,IF0007,21.66830829603304,4,0.09747378589578828,0.8353083482865862,-0.09316219857142867,0.40280387571428583,0.40280387571428583
Kericho,IF0007,21.66830829603304,5,0.2538604450734572,0.5827846897336019,-0.2388764842857143,0.39339646428571434,0.39339646428571434
