admin1,cultivar,nitro,month,r,p,me,mae,rmse
Kericho,IF0018,12.076123626430876,3,0.3836673894810393,0.3955265271985519,-0.40051934142857143,0.6237838957142857,0.6237838957142857
Kericho,IF0018,12.076123626430876,4,-0.03635036655021702,0.9383304634668931,-0.06323362714285727,0.4255895900000001,0.4255895900000001
Kericho,IF0018,12.076123626430876,5,0.23818044991187415,0.6070233490224636,-0.04001934142857148,0.3862324471428572,0.3862324471428572
