admin1,cultivar,nitro,month,r,p,me,mae,rmse
Kericho,KY0014,22.830774552946487,3,0.3143844397951077,0.49226420275007865,-0.4650907699999999,0.68406961,0.68406961
Kericho,KY0014,22.830774552946487,4,-0.2705353160500519,0.557345847453361,-0.05930505571428567,0.47251816142857145,0.47251816142857145
Kericho,KY0014,22.830774552946487,5,0.3524599056541413,0.43810847278154025,-0.07351934142857143,0.3593250357142858,0.3593250357142858
