admin1,cultivar,nitro,month,r,p,me,mae,rmse
Kericho,IF0004,21.0180569586778,3,0.3115109300403588,0.4964436315560824,-0.3608764842857143,0.6847124671428573,0.6847124671428573
Kericho,IF0004,21.0180569586778,4,-0.45527539144086604,0.304646138053017,-0.12237648428571424,0.45444673285714293,0.45444673285714293
Kericho,IF0004,21.0180569586778,5,0.2976232854311338,0.5168163773960319,-0.20480505571428573,0.3578753042857143,0.3578753042857143
