admin1,cultivar,nitro,month,r,p,me,mae,rmse
Kericho,IF0009,11.959308613108973,3,0.3051340269497461,0.5057629507477627,-0.5448764842857142,0.7382838957142857,0.7382838957142857
Kericho,IF0009,11.959308613108973,4,-0.8552366509478353,0.014143638367195491,-0.06273362714285716,0.46637530428571433,0.46637530428571433
Kericho,IF0009,11.959308613108973,5,0.11718464709617393,0.8024242842169453,-0.031662198571428615,0.4001610185714286,0.4001610185714286
