admin1,cultivar,nitro,month,r,p,me,mae,rmse
Kericho,KY0011,25.379473409415816,3,0.35522829137155354,0.4342631393411512,-0.4585193414285715,0.6625193414285714,0.6625193414285714
Kericho,KY0011,25.379473409415816,4,-0.10498106745555541,0.8227590701226858,-0.036019341428571404,0.4273753042857144,0.4273753042857144
Kericho,KY0011,25.379473409415816,5,-0.3975225798624714,0.37717757396673246,-0.07287648428571433,0.46808959000000006,0.46808959000000006
