admin1,cultivar,nitro,month,r,p,me,mae,rmse
Kericho,IF0008,16.54114639922963,3,0.31431341981222477,0.4923673482225075,-0.3170193414285714,0.6728553242857144,0.6728553242857144
Kericho,IF0008,16.54114639922963,4,-0.5782790719960742,0.17383055728261468,0.021766372857142953,0.4920181614285715,0.4920181614285715
Kericho,IF0008,16.54114639922963,5,0.2728977435747196,0.5537711178079816,-0.02223362714285715,0.38416101857142865,0.38416101857142865
