admin1,cultivar,nitro,month,r,p,me,mae,rmse
Kericho,IF0001,18.549138521522753,3,0.3121081677290149,0.4955739401321818,-0.37730505571428574,0.6767124671428572,0.6767124671428572
Kericho,IF0001,18.549138521522753,4,-0.4199161267876761,0.3482792382261668,-0.08959077000000004,0.4430895900000001,0.4430895900000001
Kericho,IF0001,18.549138521522753,5,0.4148182982376887,0.35477378257533826,-0.20359076999999998,0.3428250357142858,0.3428250357142858
