admin1,cultivar,nitro,month,r,p,me,mae,rmse
Kisii,IF0019,8.089732857203519,3,-0.4303598293044026,0.33513218223368585,-0.4245518557142856,0.44769471285714274,0.44769471285714274
Kisii,IF0019,8.089732857203519,4,-0.17974189405500623,0.6997657946496556,-0.024194712857142697,0.2870063185714285,0.2870063185714285
Kisii,IF0019,8.089732857203519,5,0.11193057919696962,0.8111688305700583,0.05559100142857149,0.21816243000000005,0.21816243000000005
