admin1,cultivar,nitro,month,r,p,me,mae,rmse
Kisii,IF0011,8.631539602798718,3,-0.2617230747884183,0.5707450049992971,0.24837671571428582,0.35480528714285714,0.35480528714285714
Kisii,IF0011,8.631539602798718,4,-0.09460038580750882,0.8401190485901853,0.3594481442857145,0.39459100142857156,0.39459100142857156
Kisii,IF0011,8.631539602798718,5,0.08539543140163988,0.8555562290146689,0.257019572857143,0.3173052871428572,0.3173052871428572
