admin1,cultivar,nitro,month,r,p,me,mae,rmse
Kisii,KY0010,33.06688690331962,3,0.2161407328519983,0.6415786410476321,-0.17812328428571417,0.29422060428571417,0.29422060428571417
Kisii,KY0010,33.06688690331962,4,-0.053646958027986726,0.9090570940208362,-0.028480427142857114,0.22581388142857134,0.22581388142857134
Kisii,KY0010,33.06688690331962,5,0.3577966577909924,0.43070722431894143,-0.026908998571428495,0.18532897571428567,0.18532897571428567
