admin1,cultivar,nitro,month,r,p,me,mae,rmse
Kisii,IM0002,22.65786878693915,3,-0.6618609454181414,0.1053469913202271,-0.1190518557142856,0.2918634614285714,0.2918634614285714
Kisii,IM0002,22.65786878693915,4,0.2636570868615937,0.5677956428507197,0.04044814428571443,0.21517102428571433,0.21517102428571433
Kisii,IM0002,22.65786878693915,5,0.11206330231152276,0.8109477388388073,0.014091001428571528,0.20809100142857143,0.20809100142857143
