admin1,cultivar,nitro,month,r,p,me,mae,rmse
Kisii,KY0012,16.750598513320835,3,0.04332750552825605,0.926513964122153,-0.05105185571428567,0.26886346142857137,0.26886346142857137
Kisii,KY0012,16.750598513320835,4,0.08568800107633348,0.8550649889460111,-0.04848042714285704,0.21638531000000003,0.21638531000000003
Kisii,KY0012,16.750598513320835,5,0.25322015192987424,0.5837685755157898,-0.0888375699999999,0.2505063185714285,0.2505063185714285
