admin1,cultivar,nitro,month,r,p,me,mae,rmse
Kisii,IF0022,14.821284356764096,3,-0.6051499195891978,0.14993340754978235,-0.03390899857142852,0.27814917571428566,0.27814917571428566
Kisii,IF0022,14.821284356764096,4,0.11366223474721682,0.8082850068363197,0.09416243000000006,0.22859100142857147,0.22859100142857147
Kisii,IF0022,14.821284356764096,5,0.05179909500341895,0.9121810513982699,-0.0034804271428570755,0.22600631857142855,0.22600631857142855
