admin1,cultivar,nitro,month,r,p,me,mae,rmse
Kisii,KY0002,39.47222766842791,3,0.22653296062940048,0.6252169084519208,-0.16183756999999988,0.2912206042857142,0.2912206042857142
Kisii,KY0002,39.47222766842791,4,-0.5258264713754108,0.22543597269595597,-0.02640899857142842,0.23022060428571423,0.23022060428571423
Kisii,KY0002,39.47222766842791,5,0.345960377572701,0.44718686602437097,0.026162430000000163,0.19697183285714276,0.19697183285714276
