admin1,cultivar,nitro,month,r,p,me,mae,rmse
Kisii,IF0006,12.452422420823773,3,-0.014349856215483625,0.9756414355923173,-0.014694712857142697,0.22193488999999994,0.22193488999999994
Kisii,IF0006,12.452422420823773,4,0.35159406315252273,0.4393137893748049,-0.0011232842857141292,0.19273385857142863,0.19273385857142863
Kisii,IF0006,12.452422420823773,5,-0.04551527415540607,0.922810882780354,-0.1231947128571427,0.28586346142857133,0.28586346142857133
