admin1,cultivar,nitro,month,r,p,me,mae,rmse
Kisii,KY0013,79.68195137731092,3,-0.1660863087996939,0.7219158234739401,-0.0220518557142856,0.27285486714285717,0.27285486714285717
Kisii,KY0013,79.68195137731092,4,-0.07439773685692168,0.8740477297212309,0.027733858571428818,0.21016243,0.21016243
Kisii,KY0013,79.68195137731092,5,0.2976455834991103,0.5167834399857196,-0.002551855714285654,0.28093488999999994,0.28093488999999994
