admin1,cultivar,nitro,month,r,p,me,mae,rmse
Kisii,IF0007,3.059438863721738,3,0.04343571351129738,0.9263307828749413,-0.057480427142857025,0.23086346142857134,0.23086346142857134
Kisii,IF0007,3.059438863721738,4,0.25139228841156996,0.5865801131282492,0.03687671571428578,0.22001957285714285,0.22001957285714285
Kisii,IF0007,3.059438863721738,5,-0.3471611900556272,0.44550430544967756,-0.1232661414285713,0.3105063185714285,0.3105063185714285
