admin1,cultivar,nitro,month,r,p,me,mae,rmse
Kisii,IF0003,13.039339727684096,3,-0.43893634931258335,0.3244968133789102,0.024233858571428662,0.25186346142857147,0.25186346142857147
Kisii,IF0003,13.039339727684096,4,0.5677617966937275,0.18365843425209993,0.06937671571428587,0.21128343857142856,0.21128343857142856
Kisii,IF0003,13.039339727684096,5,0.11857128332751124,0.8001191517160697,-0.05426614142857132,0.22422060428571425,0.22422060428571425
