admin1,cultivar,nitro,month,r,p,me,mae,rmse
Kisii,KY0014,12.449596670130317,3,-0.4832493689641831,0.2719472615336489,-0.05840899857142845,0.31050631857142846,0.31050631857142846
Kisii,KY0014,12.449596670130317,4,-0.3374684748743267,0.4591532148558856,0.01037671571428581,0.24785486714285718,0.24785486714285718
Kisii,KY0014,12.449596670130317,5,0.40840025853775824,0.3630212306750007,0.006448144285714433,0.16645673857142854,0.16645673857142854
