admin1,cultivar,nitro,month,r,p,me,mae,rmse
Makueni,KY0018,197.40942231955924,3,0.14119427965767262,0.7626832814055147,1.894496862857143,2.02563972,2.02563972
Makueni,KY0018,197.40942231955924,4,0.5480498463205161,0.20278538159373685,2.01613972,2.01613972,2.01613972
Makueni,KY0018,197.40942231955924,5,0.1275999333857195,0.7851387885819271,1.6412825771428572,1.6412825771428572,1.6412825771428572
