admin1,cultivar,nitro,month,r,p,me,mae,rmse
Makueni,KY0011,2.5905805206297905,3,0.20207656118466677,0.6639053921035093,0.41213972,0.5432825771428572,0.5432825771428572
Makueni,KY0011,2.5905805206297905,4,-0.25770797620844316,0.5768833441795994,0.4977825771428571,0.4977825771428571,0.4977825771428571
Makueni,KY0011,2.5905805206297905,5,-0.5981295635275894,0.15600730483195796,0.34821114857142854,0.35628484285714285,0.35628484285714285
