admin1,cultivar,nitro,month,r,p,me,mae,rmse
Makueni,KY0006,194.05481082824792,3,0.16806762735441708,0.7186920872174382,1.1570682914285713,1.2882111485714287,1.2882111485714287
Makueni,KY0006,194.05481082824792,4,0.5172075111811415,0.23452495484944189,1.29263972,1.29263972,1.29263972
Makueni,KY0006,194.05481082824792,5,0.18691743084474358,0.6881932395235743,1.0365682914285714,1.0365682914285714,1.0365682914285714
