admin1,cultivar,nitro,month,r,p,me,mae,rmse
Makueni,GH0010,5.779651240095078,3,0.1299932681411951,0.7811764199833354,0.15935400571428573,0.31135400571428573,0.31135400571428573
Makueni,GH0010,5.779651240095078,4,0.13035496837297322,0.7805779199756087,0.28356829142857143,0.28356829142857143,0.28356829142857143
Makueni,GH0010,5.779651240095078,5,-0.1399693544579192,0.7647014377881656,0.18835400571428568,0.24671341428571428,0.24671341428571428
