admin1,cultivar,nitro,month,r,p,me,mae,rmse
Makueni,IM0003,2.513681921803077,3,0.2142076823605337,0.644635036649422,0.07756829142857143,0.2699277,0.2699277
Makueni,IM0003,2.513681921803077,4,0.23089495799413523,0.618385148161384,0.25335400571428573,0.2582111485714286,0.2582111485714286
Makueni,IM0003,2.513681921803077,5,0.02552575462262019,0.9566802490908977,0.18635400571428568,0.23685627142857144,0.23685627142857144
