admin1,cultivar,nitro,month,r,p,me,mae,rmse
Makueni,IF0022,2.535638414422586,3,0.19337647223152515,0.6778173610681052,0.20621114857142858,0.3660682914285714,0.3660682914285714
Makueni,IF0022,2.535638414422586,4,-0.010788040375935115,0.9816867195540332,0.4215682914285714,0.4215682914285714,0.4215682914285714
Makueni,IF0022,2.535638414422586,5,-0.20669563350613002,0.6565500207005697,0.33013971999999997,0.33013971999999997,0.33013971999999997
