admin1,cultivar,nitro,month,r,p,me,mae,rmse
Makueni,KY0012,3.2271905393799662,3,0.181326295812202,0.6972064535584007,0.3272825771428571,0.45842543428571425,0.45842543428571425
Makueni,KY0012,3.2271905393799662,4,-0.0728352669518279,0.8766787268032941,0.4064968628571428,0.4064968628571428,0.4064968628571428
Makueni,KY0012,3.2271905393799662,5,-0.420394511721722,0.3476723654991856,0.2850682914285714,0.30371341428571424,0.30371341428571424
