admin1,cultivar,nitro,month,r,p,me,mae,rmse
Meru,KA0001,137.8550319609924,3,0.37072882465910567,0.4129745264850519,0.4716137557142857,0.7544708985714285,0.7544708985714285
Meru,KA0001,137.8550319609924,4,-0.13269890436947546,0.7767015414351031,0.6901137557142858,0.6901137557142858,0.6901137557142858
Meru,KA0001,137.8550319609924,5,0.3309422127492473,0.4684291043042173,0.3060423271428571,0.4314708985714285,0.4314708985714285
