admin1,cultivar,nitro,month,r,p,me,mae,rmse
Meru,KY0007,148.52915724960044,3,0.4059040959451814,0.36625008049254903,1.6737566128571426,1.9566137557142855,1.9566137557142855
Meru,KY0007,148.52915724960044,4,-0.2709736249757506,0.5566820550283634,1.33039947,1.33039947,1.33039947
Meru,KY0007,148.52915724960044,5,0.5032998858853437,0.2495433748941316,0.8511137557142856,0.9282566128571429,0.9282566128571429
