admin1,cultivar,nitro,month,r,p,me,mae,rmse
Meru,IF0007,19.700655684048797,3,0.3094406851312166,0.4994624578561915,0.13675661285714286,0.48965708714285716,0.48965708714285716
Meru,IF0007,19.700655684048797,4,0.23716671352324672,0.6086005770021903,0.03097089857142859,0.2023965842857143,0.2023965842857143
Meru,IF0007,19.700655684048797,5,0.4244218295702154,0.3425810285242742,-0.23467195857142858,0.3003862442857143,0.3003862442857143
