admin1,cultivar,nitro,month,r,p,me,mae,rmse
Meru,KY0016,2.8919723340693904,3,0.4134364997338785,0.3565427957274988,0.1908280414285714,0.49001423,0.49001423
Meru,KY0016,2.8919723340693904,4,0.033485565200303144,0.94318500429606,0.49125661285714284,0.49125661285714284,0.49125661285714284
Meru,KY0016,2.8919723340693904,5,-0.01585018412099748,0.9730952716266831,0.29575661285714283,0.32789947,0.32789947
