admin1,cultivar,nitro,month,r,p,me,mae,rmse
Meru,KY0017,113.32134791955723,3,0.4679270737588953,0.2896531388610823,0.4179708985714285,0.7008280414285714,0.7008280414285714
Meru,KY0017,113.32134791955723,4,-0.29505566533659977,0.5206139157375319,0.58889947,0.6316570871428572,0.6316570871428572
Meru,KY0017,113.32134791955723,5,0.39286509617109683,0.38330637039133053,0.1521851842857143,0.3830423271428571,0.3830423271428571
