admin1,cultivar,nitro,month,r,p,me,mae,rmse
Meru,IF0022,19.700655684048797,3,0.3562055033505142,0.43290886636559717,-0.08695767285714291,0.4127999442857142,0.4127999442857142
Meru,IF0022,19.700655684048797,4,-0.35684168447146347,0.4320280820350143,-0.10667195857142855,0.3540394414285715,0.3540394414285715
Meru,IF0022,19.700655684048797,5,0.5880543897418332,0.16493425620000815,-0.4238148157142857,0.4238148157142857,0.4238148157142857
