admin1,cultivar,nitro,month,r,p,me,mae,rmse
Meru,KY0011,47.21359549995793,3,0.24688640151324842,0.5935284905105457,0.49182804142857134,0.7746851842857142,0.7746851842857142
Meru,KY0011,47.21359549995793,4,0.15364253284208726,0.7422360031460629,0.03189947000000004,0.21842468142857147,0.21842468142857147
Meru,KY0011,47.21359549995793,5,0.36225856693356107,0.42455641924268256,-0.07302910142857141,0.19574338714285724,0.19574338714285724
