admin1,cultivar,nitro,month,r,p,me,mae,rmse
Meru,KY0009,176.6643486905116,3,0.3966614059436739,0.37830776997162013,0.1310423271428571,0.5113713728571428,0.5113713728571428
Meru,KY0009,176.6643486905116,4,-0.19519200552939922,0.6749080695867274,0.14389947000000003,0.2972285157142857,0.2972285157142857
Meru,KY0009,176.6643486905116,5,0.4641920478097138,0.29404459372155795,-0.0796719585714286,0.22138624428571427,0.22138624428571427
