admin1,cultivar,nitro,month,r,p,me,mae,rmse
Meru,KY0005,51.45955298144778,3,0.25576686584278885,0.57985829028804,0.40904232714285715,0.6989428014285715,0.6989428014285715
Meru,KY0005,51.45955298144778,4,0.1313509099701531,0.7789303959039734,0.0020423271428571255,0.22246801285714285,0.22246801285714285
Meru,KY0005,51.45955298144778,5,0.38165333353004693,0.39822289844003667,-0.12867195857142857,0.22652910142857147,0.22652910142857147
