admin1,cultivar,nitro,month,r,p,me,mae,rmse
Meru,IF0021,139.5806704181559,3,0.3353726515038597,0.46212458943075213,1.2117566128571429,1.4946137557142856,1.4946137557142856
Meru,IF0021,139.5806704181559,4,-0.10767794697431882,0.8182581337138083,1.4751851842857142,1.4751851842857142,1.4751851842857142
Meru,IF0021,139.5806704181559,5,0.25813996939781275,0.5762219201960372,0.6137566128571429,0.7438994699999998,0.7438994699999998
