admin1,cultivar,nitro,month,r,p,me,mae,rmse
Meru,IF0004,19.700655684048797,3,0.3595031626418815,0.42835076300587166,-0.025957672857142868,0.43665708714285717,0.43665708714285717
Meru,IF0004,19.700655684048797,4,-0.4489667411740643,0.31224615272984085,-0.051171958571428595,0.36053944142857136,0.36053944142857136
Meru,IF0004,19.700655684048797,5,0.5705315409667976,0.18104460208182954,-0.35660053,0.3723148157142857,0.3723148157142857
