admin1,cultivar,nitro,month,r,p,me,mae,rmse
Meru,KY0003,197.40942231955924,3,0.24261046183572643,0.6001451574125791,0.23011375571428566,0.5998713728571428,0.5998713728571428
Meru,KY0003,197.40942231955924,4,0.3000841889031029,0.5131856268077771,-0.22631481571428574,0.2688862442857143,0.2688862442857143
Meru,KY0003,197.40942231955924,5,0.5310101718870335,0.22005096589732107,-0.34417195857142857,0.34417195857142857,0.34417195857142857
