admin1,cultivar,nitro,month,r,p,me,mae,rmse
Migori,IM0002,19.716223600120525,3,-0.44080479292030006,0.3221993614091972,0.021257422857142907,0.5057860542857143,0.5057860542857143
Migori,IM0002,19.716223600120525,4,0.40262951760216437,0.3705036724337003,0.08454313714285717,0.4425488714285714,0.4425488714285714
Migori,IM0002,19.716223600120525,5,0.17603793594823033,0.7057577172678107,-0.06388543428571421,0.4752146257142857,0.4752146257142857
