admin1,cultivar,nitro,month,r,p,me,mae,rmse
Migori,IF0021,9.478951168185347,3,0.08668050505541652,0.8533987999259496,-0.19417114857142856,0.5097860542857143,0.5097860542857143
Migori,IF0021,9.478951168185347,4,0.12002348179544353,0.7977062653032012,-0.1360282914285714,0.5230717685714285,0.5230717685714285
Migori,IF0021,9.478951168185347,5,0.16848698741903675,0.7180101841342208,0.048114565714285754,0.4332146257142857,0.4332146257142857
