admin1,cultivar,nitro,month,r,p,me,mae,rmse
Migori,KY0018,139.77620853039232,3,-0.3403531345794777,0.45507508963086934,1.9765431371428572,1.9765431371428572,1.9765431371428572
Migori,KY0018,139.77620853039232,4,0.14783969063358668,0.7517533168503933,1.8766859942857141,1.8766859942857141,1.8766859942857141
Migori,KY0018,139.77620853039232,5,0.06713236929985641,0.8862891882203204,1.4531145657142859,1.4531145657142859,1.4531145657142859
