admin1,cultivar,nitro,month,r,p,me,mae,rmse
Migori,IF0022,6.00716876160499,3,-0.5619889063623841,0.18916500094699137,-0.20674257714285713,0.5712146257142857,0.5712146257142857
Migori,IF0022,6.00716876160499,4,0.34981899211956563,0.4417887453474692,-0.01931400571428567,0.4546431971428571,0.4546431971428571
Migori,IF0022,6.00716876160499,5,0.12623644024163846,0.7873978222687867,-0.20031400571428568,0.5167860542857143,0.5167860542857143
