admin1,cultivar,nitro,month,r,p,me,mae,rmse
Migori,IM0001,34.55971564536294,3,0.3896286436930801,0.38758875481751826,0.048971708571428615,0.4895003399999999,0.4895003399999999
Migori,IM0001,34.55971564536294,4,0.26605132612722404,0.5641511507459196,0.07954313714285711,0.47240601428571427,0.47240601428571427
Migori,IM0001,34.55971564536294,5,0.10955386575935046,0.8151296660176104,-0.19974257714285715,0.5087860542857142,0.5087860542857142
