admin1,cultivar,nitro,month,r,p,me,mae,rmse
Migori,EM0001,161.41933551299823,3,-0.20381753710466546,0.6611305263120297,1.8451145657142856,1.8451145657142856,1.8451145657142856
Migori,EM0001,161.41933551299823,4,0.17784476986531159,0.7028332597348077,1.74240028,1.74240028,1.74240028
Migori,EM0001,161.41933551299823,5,-0.0617786619775281,0.8953213116464575,1.3095431371428572,1.3095431371428572,1.3095431371428572
