admin1,cultivar,nitro,month,r,p,me,mae,rmse
Migori,IF0001,3.4023302163070945,3,-0.44966930431528584,0.3113957375071224,-0.1941711485714285,0.5775003400000001,0.5775003400000001
Migori,IF0001,3.4023302163070945,4,0.22931405486627476,0.6208586637934866,0.01382885142857144,0.4546477257142857,0.4546477257142857
Migori,IF0001,3.4023302163070945,5,0.07565673813368207,0.8719284047362101,-0.14988543428571427,0.5189289114285714,0.5189289114285714
