admin1,cultivar,nitro,month,r,p,me,mae,rmse
Migori,IF0019,7.319374626491624,3,-0.43994174919919316,0.3232596934097615,-0.22817114857142856,0.54550034,0.54550034
Migori,IF0019,7.319374626491624,4,0.1280034953236141,0.7844703969347352,-0.06074257714285712,0.4883574828571428,0.4883574828571428
Migori,IF0019,7.319374626491624,5,0.1448110695018182,0.7567306157557275,-0.03931400571428566,0.47207176857142846,0.47207176857142846
