admin1,cultivar,nitro,month,r,p,me,mae,rmse
Migori,IF0004,7.8109252394002,3,-0.6055134098554563,0.14962220924687009,-0.17431400571428565,0.5616431971428572,0.5616431971428572
Migori,IF0004,7.8109252394002,4,0.440414692522591,0.32267845141260876,0.027400280000000037,0.4430717685714285,0.4430717685714285
Migori,IF0004,7.8109252394002,5,0.1840406046520025,0.6928272419052673,-0.13145686285714284,0.49678605428571426,0.49678605428571426
