admin1,cultivar,nitro,month,r,p,me,mae,rmse
Migori,KY0013,86.75229382151416,3,0.6222045297124866,0.13568287490904476,0.2335431371428571,0.4598345857142857,0.4598345857142857
Migori,KY0013,86.75229382151416,4,0.4217636338201809,0.34593797383343183,-0.18788543428571428,0.5204014857142857,0.5204014857142857
Migori,KY0013,86.75229382151416,5,-0.30374825570318836,0.5077961402508551,-0.5157425771428571,0.7479289114285714,0.7479289114285714
