admin1,cultivar,nitro,month,r,p,me,mae,rmse
Migori,IF0011,2.3680068189313195,3,-0.5617217897685106,0.18942170764851787,0.09297170857142856,0.5837905828571428,0.5837905828571428
Migori,IF0011,2.3680068189313195,4,0.4593748985143637,0.2997514628027833,0.2891145657142858,0.5142631571428572,0.5142631571428572
Migori,IF0011,2.3680068189313195,5,0.09476266389672358,0.8398472529432811,0.0525431371428572,0.48992891142857137,0.48992891142857137
