admin1,cultivar,nitro,month,r,p,me,mae,rmse
Migori,IF0009,3.2271905393799662,3,-0.3408067325147388,0.45443505684262886,-0.20217114857142857,0.5229289114285713,0.5229289114285713
Migori,IF0009,3.2271905393799662,4,-0.5480562457082504,0.2027790239347019,0.08211456571428576,0.5146477257142857,0.5146477257142857
Migori,IF0009,3.2271905393799662,5,0.4049806978975285,0.3674475052800853,0.1129717085714286,0.43379058285714284,0.43379058285714284
