admin1,cultivar,nitro,month,r,p,me,mae,rmse
Migori,KY0017,172.93232791360734,3,-0.2645102039347622,0.5664961800548799,0.9139717085714286,0.9399774428571429,0.9399774428571429
Migori,KY0017,172.93232791360734,4,-0.0862698264420513,0.8540881838886225,0.7172574228571429,0.8206917285714285,0.8206917285714285
Migori,KY0017,172.93232791360734,5,0.23236193532082208,0.6160924408068964,0.5775431371428572,0.7229774428571429,0.7229774428571429
