admin1,cultivar,nitro,month,r,p,me,mae,rmse
Nakuru,IM0002,43.16090648629545,3,-0.1540065290077993,0.7416398663141565,-0.06294299142857142,0.9539356571428572,0.9539356571428572
Nakuru,IM0002,43.16090648629545,4,0.29542543222141915,0.5200664412655335,-0.2613715628571428,0.727706742857143,0.727706742857143
Nakuru,IM0002,43.16090648629545,5,-0.4251784543030756,0.3416280383143588,-0.07037156285714279,0.6935862914285712,0.6935862914285712
