admin1,cultivar,nitro,month,r,p,me,mae,rmse
Nakuru,KY0017,34.17960812263563,3,-0.19819835329930588,0.6700976445058516,-0.009371562857142848,0.9429141514285716,0.9429141514285716
Nakuru,KY0017,34.17960812263563,4,0.38356350066009104,0.3956654323639195,-0.024371562857142908,0.6853418228571427,0.6853418228571427
Nakuru,KY0017,34.17960812263563,5,-0.6036526004017603,0.15121873861705384,0.41462843714285713,0.637935657142857,0.637935657142857
