admin1,cultivar,nitro,month,r,p,me,mae,rmse
Nakuru,KY0007,8.229063570104769,3,-0.18772840650121606,0.6868883103747095,-0.25958584857142863,0.9365785142857144,0.9365785142857144
Nakuru,KY0007,8.229063570104769,4,0.30512136074514085,0.505781521622784,-0.32308584857142847,0.811341822857143,0.811341822857143
Nakuru,KY0007,8.229063570104769,5,-0.32860564838566625,0.4717666330001167,-0.25637156285714285,0.6400148628571429,0.6400148628571429
