admin1,cultivar,nitro,month,r,p,me,mae,rmse
Nakuru,IF0005,31.302747949597407,3,-0.156002844366265,0.73837222139891,-0.005014419999999996,1.004149942857143,1.004149942857143
Nakuru,IF0005,31.302747949597407,4,0.3072487351586856,0.502665753798894,-0.1836572771428571,0.7043418228571429,0.7043418228571429
Nakuru,IF0005,31.302747949597407,5,-0.3597336317493574,0.4280328960438148,-0.017657277142857173,0.6805862914285716,0.6805862914285716
