admin1,cultivar,nitro,month,r,p,me,mae,rmse
Nakuru,IF0019,11.448810377729865,3,-0.19511383647525854,0.6750332651637255,-0.42687156285714284,0.8662928000000001,0.8662928000000001
Nakuru,IF0019,11.448810377729865,4,0.2618313922470091,0.5705796937154219,-0.42437156285714284,0.7821353142857144,0.7821353142857144
Nakuru,IF0019,11.448810377729865,5,-0.4320260699633248,0.3330544901809694,-0.1703715628571428,0.6368720057142857,0.6368720057142857
