admin1,cultivar,nitro,month,r,p,me,mae,rmse
Nakuru,KY0018,8.555037518564323,3,-0.2313206958223361,0.6177195173995587,-0.27951441999999993,0.9540785142857143,0.9540785142857143
Nakuru,KY0018,8.555037518564323,4,0.19267812705160503,0.6789372702504275,-0.23658584857142856,0.8844132514285715,0.8844132514285715
Nakuru,KY0018,8.555037518564323,5,-0.2548841833494254,0.5812126610436393,0.05319986571428575,0.5490148628571428,0.5490148628571428
