admin1,cultivar,nitro,month,r,p,me,mae,rmse
Nakuru,KY0010,102.73329878264238,3,-0.2510722837612837,0.5870727565830076,0.015271294285714276,1.0320862914285716,1.0320862914285716
Nakuru,KY0010,102.73329878264238,4,0.5346629068953966,0.21629334053202184,-0.29030013428571433,0.6160423799999999,0.6160423799999999
Nakuru,KY0010,102.73329878264238,5,0.3603372409387145,0.42720081830098344,-0.0857287057142857,0.5518939685714285,0.5518939685714285
