admin1,cultivar,nitro,month,r,p,me,mae,rmse
Nakuru,IF0011,19.52300338295124,3,-0.16930048017302365,0.7166878235701822,-0.2336572771428571,0.9336499428571428,0.9336499428571428
Nakuru,IF0011,19.52300338295124,4,0.32811017503411444,0.4724754737210432,-0.3234429914285713,0.7354132514285714,0.7354132514285714
Nakuru,IF0011,19.52300338295124,5,-0.2823710432291113,0.5395120618338193,-0.1028715628571428,0.6295148628571428,0.6295148628571428
