admin1,cultivar,nitro,month,r,p,me,mae,rmse
Nakuru,KY0015,32.55048420810477,3,-0.2734878936193239,0.5528792892688466,-0.2311572771428571,0.9835148628571427,0.9835148628571427
Nakuru,KY0015,32.55048420810477,4,0.34957147959599943,0.44213426679142825,-0.19844299142857139,0.7609846800000001,0.7609846800000001
Nakuru,KY0015,32.55048420810477,5,0.13521319930742492,0.7725475177851899,0.029485580000000074,0.4684434342857143,0.4684434342857143
