admin1,cultivar,nitro,month,r,p,me,mae,rmse
Nakuru,KY0008,10.890695584607222,3,-0.1790446023693827,0.7008928724620559,-0.12394299142857143,0.9790785142857142,0.9790785142857142
Nakuru,KY0008,10.890695584607222,4,0.2857891942885189,0.5343973132004285,-0.18151442,0.8424846800000001,0.8424846800000001
Nakuru,KY0008,10.890695584607222,5,-0.3025185176359463,0.5096027701181757,-0.11922870571428572,0.6224434342857142,0.6224434342857142
