admin1,cultivar,nitro,month,r,p,me,mae,rmse
Nakuru,IF0020,23.452416906109363,3,-0.16755237308828438,0.7195301228039285,-0.13215727714285716,0.9581499428571428,0.9581499428571428
Nakuru,IF0020,23.452416906109363,4,0.283026242399658,0.5385304006862153,-0.2033715628571428,0.7657703942857143,0.7657703942857143
Nakuru,IF0020,23.452416906109363,5,-0.40366048078856015,0.36916230103416525,0.006057008571428594,0.6268720057142857,0.6268720057142857
