admin1,cultivar,nitro,month,r,p,me,mae,rmse
Nakuru,IF0006,60.38414964542644,3,-0.124000363499904,0.7911051122099072,0.2606998657142858,1.2137213714285715,1.2137213714285715
Nakuru,IF0006,60.38414964542644,4,0.5105515065378854,0.24165862844433364,-0.31422870571428574,0.5911353142857142,0.5911353142857142
Nakuru,IF0006,60.38414964542644,5,0.04145364544145694,0.9296865556278694,-0.14144299142857134,0.6564653971428571,0.6564653971428571
