admin1,cultivar,nitro,month,r,p,me,mae,rmse
Nakuru,IF0008,9.995317110239519,3,-0.17394210757493112,0.7091535352376871,-0.37637156285714285,0.8657928,0.8657928
Nakuru,IF0008,9.995317110239519,4,0.29080908127127686,0.5269153985406071,-0.38515727714285714,0.7623496000000001,0.7623496000000001
Nakuru,IF0008,9.995317110239519,5,-0.5429755859979742,0.2078565955163798,-0.14680013428571437,0.6785862914285713,0.6785862914285713
