admin1,cultivar,nitro,month,r,p,me,mae,rmse
Nandi,IM0003,45.20570577622067,3,0.6090538651987958,0.1466080596172268,-0.28849735000000004,0.5211115414285713,0.5211115414285713
Nandi,IM0003,45.20570577622067,4,-0.93183121505427,0.002245796892481729,-0.1199259214285715,0.4052622842857142,0.4052622842857142
Nandi,IM0003,45.20570577622067,5,-0.8577790327286279,0.013550194882208317,-0.03192592142857155,0.29383371285714277,0.29383371285714277
