admin1,cultivar,nitro,month,r,p,me,mae,rmse
Nandi,KY0003,69.146720428598,3,0.4197701340006482,0.34846453120317694,-0.4935687785714286,0.6925140328571427,0.6925140328571427
Nandi,KY0003,69.146720428598,4,-0.7099189221469011,0.07390900972758219,-0.023640207142857226,0.34683371285714276,0.34683371285714276
Nandi,KY0003,69.146720428598,5,-0.34834150240425005,0.4438527993562702,0.3525026499999999,0.4440740785714285,0.4440740785714285
