admin1,cultivar,nitro,month,r,p,me,mae,rmse
Nandi,KY0016,7.162344012561235,3,0.5757956804510916,0.1761272863601907,-0.5503544928571429,0.5503544928571429,0.5503544928571429
Nandi,KY0016,7.162344012561235,4,-0.02531167861648391,0.9570433236400909,-0.15935449285714284,0.27703131571428574,0.27703131571428574
Nandi,KY0016,7.162344012561235,5,0.039613902478482385,0.9328021049542423,-0.20006877857142857,0.2840313157142858,0.2840313157142858
