admin1,cultivar,nitro,month,r,p,me,mae,rmse
Nandi,IF0008,15.59191617440743,3,0.5375272010420659,0.21336826733532102,-0.3957830642857143,0.5442997471428569,0.5442997471428569
Nandi,IF0008,15.59191617440743,4,-0.8534593965655048,0.014567145735762076,-0.0588544928571429,0.3443337128571428,0.3443337128571428
Nandi,IF0008,15.59191617440743,5,-0.15238247501551858,0.7443004598030531,-0.0730687785714286,0.25054799857142845,0.25054799857142845
