admin1,cultivar,nitro,month,r,p,me,mae,rmse
Nandi,KY0006,37.734644701430916,3,0.5102739839767152,0.24195822427421462,-0.09235449285714292,0.6638258271428571,0.6638258271428571
Nandi,KY0006,37.734644701430916,4,-0.6650231569186498,0.10309824298855158,0.19321693571428572,0.35654799857142855,0.35654799857142855
Nandi,KY0006,37.734644701430916,5,-0.5999953272618413,0.15438131204667904,0.1469312214285714,0.32883371285714275,0.32883371285714275
