admin1,cultivar,nitro,month,r,p,me,mae,rmse
Nandi,IF0001,22.823310140109577,3,0.6147643192684863,0.14181150513595886,-0.3497830642857144,0.47758546142857133,0.47758546142857133
Nandi,IF0001,22.823310140109577,4,-0.8866214072861253,0.007814116770428911,-0.033854492857142926,0.32290514142857135,0.32290514142857135
Nandi,IF0001,22.823310140109577,5,0.27540771419465926,0.5499813093639442,-0.14364020714285722,0.22540514142857138,0.22540514142857138
