admin1,cultivar,nitro,month,r,p,me,mae,rmse
Nandi,KY0015,31.811684535670306,3,0.5662649620658763,0.1850786141284674,-0.45628306428571436,0.5612830642857143,0.5612830642857143
Nandi,KY0015,31.811684535670306,4,-0.7049737389427959,0.07687288663421313,-0.037925921428571464,0.3472622842857143,0.3472622842857143
Nandi,KY0015,31.811684535670306,5,-0.7316624914105073,0.06161564047313211,0.0800740785714286,0.290119427142857,0.290119427142857
