admin1,cultivar,nitro,month,r,p,me,mae,rmse
Nandi,EM0001,20.74256986580163,3,0.5008168564549939,0.2522700179864919,-0.39742592142857147,0.7130854614285713,0.7130854614285713
Nandi,EM0001,20.74256986580163,4,-0.8059656229409267,0.028605303324321575,0.15650264999999994,0.49897656999999984,0.49897656999999984
Nandi,EM0001,20.74256986580163,5,-0.42733286041426294,0.33892065416153133,0.41021693571428575,0.49050264999999993,0.49050264999999993
