admin1,cultivar,nitro,month,r,p,me,mae,rmse
Nandi,KY0002,63.0673568421759,3,0.4466083136983376,0.3151082715656983,-0.5154973500000001,0.6792997471428571,0.6792997471428571
Nandi,KY0002,63.0673568421759,4,-0.7641428750904431,0.04548568048585147,-0.029925921428571516,0.3251194271428571,0.3251194271428571
Nandi,KY0002,63.0673568421759,5,-0.4545369334892177,0.3055315267682796,0.24200264999999993,0.37819085571428557,0.37819085571428557
