admin1,cultivar,nitro,month,r,p,me,mae,rmse
Nandi,KA0001,160.91247645975915,3,0.4729800509100539,0.2837588968635768,0.3810740785714285,1.0241115414285713,1.0241115414285713
Nandi,KA0001,160.91247645975915,4,-0.558174312441977,0.1928469323698017,0.4389312214285715,0.5017883642857143,0.5017883642857143
Nandi,KA0001,160.91247645975915,5,-0.12383562815015635,0.7913783587885843,0.31571693571428566,0.39785979285714285,0.39785979285714285
