admin1,cultivar,nitro,month,r,p,me,mae,rmse
Narok,KY0013,183.78166875950825,3,-0.6565142582562449,0.10920665366016043,-0.568307067142857,0.91808083,0.91808083
Narok,KY0013,183.78166875950825,4,0.6832498229096416,0.09063042469468223,-1.3550213528571429,1.3550213528571429,1.3550213528571429
Narok,KY0013,183.78166875950825,5,0.3651921323848675,0.42053108930883537,-1.1778784957142856,1.1778784957142856,1.1778784957142856
