admin1,cultivar,nitro,month,r,p,me,mae,rmse
Narok,KY0015,29.17960675006309,3,-0.5673958304265789,0.18400516665528746,0.1039786471428572,0.6360864385714284,0.6360864385714284
Narok,KY0015,29.17960675006309,4,0.4954253483639912,0.2582372990737042,-0.30280706714285704,0.6345042814285714,0.6345042814285714
Narok,KY0015,29.17960675006309,5,-0.554709746830005,0.196220754100668,-0.13380706714285712,0.53360351,0.53360351
