admin1,cultivar,nitro,month,r,p,me,mae,rmse
Narok,IM0002,41.36879802241693,3,-0.09478643083123123,0.8398074473411775,0.34362150428571425,0.6661578671428572,0.6661578671428572
Narok,IM0002,41.36879802241693,4,0.606907507867314,0.14843167461465634,-0.3223784957142856,0.5883614242857143,0.5883614242857143
Narok,IM0002,41.36879802241693,5,-0.6698496048471207,0.09971477518842214,-0.23359278142857137,0.6261035100000001,0.6261035100000001
