admin1,cultivar,nitro,month,r,p,me,mae,rmse
Narok,GH0010,66.04066039899112,3,-0.1224753780601531,0.7936352531067441,0.67283579,0.8878007242857142,0.8878007242857142
Narok,GH0010,66.04066039899112,4,0.6454888288447402,0.11739314520678285,-0.21180706714285696,0.5565042814285713,0.5565042814285713
Narok,GH0010,66.04066039899112,5,-0.6447048920855939,0.11798686542739711,-0.22423563857142853,0.6344606528571427,0.6344606528571427
