admin1,cultivar,nitro,month,r,p,me,mae,rmse
Narok,IF0020,22.994004416050508,3,-0.3140322869251897,0.49277572519811963,0.2801929328571429,0.6404435814285714,0.6404435814285714
Narok,IF0020,22.994004416050508,4,0.5857875747912464,0.16697668713027938,-0.23487849571428557,0.56857571,0.56857571
Narok,IF0020,22.994004416050508,5,-0.6280752340173128,0.1309439705960083,-0.06259278142857139,0.48867493857142846,0.48867493857142846
