admin1,cultivar,nitro,month,r,p,me,mae,rmse
Nyamira,IF0004,3.9817288703910694,3,-0.6321220446603711,0.12772726765753317,0.22710561571428575,0.35336715571428573,0.35336715571428573
Nyamira,IF0004,3.9817288703910694,4,-0.5418947073294299,0.2089445609683741,0.4361770442857143,0.4722957271428571,0.4722957271428571
Nyamira,IF0004,3.9817288703910694,5,0.38462846573322834,0.394242438499803,0.37481990142857147,0.37481990142857147,0.37481990142857147
