admin1,cultivar,nitro,month,r,p,me,mae,rmse
Nyamira,KY0004,185.41019662496845,3,0.7617829182892074,0.04656796750135768,2.09939133,2.09939133,2.09939133
Nyamira,KY0004,185.41019662496845,4,-0.20329756390117995,0.6619589675241302,1.8879627585714285,1.8879627585714285,1.8879627585714285
Nyamira,KY0004,185.41019662496845,5,0.5037311876998719,0.24907114823011342,1.767034187142857,1.767034187142857,1.767034187142857
