admin1,cultivar,nitro,month,r,p,me,mae,rmse
Nyamira,IM0003,17.16226488336992,3,-0.20786888873455617,0.6546852202170914,-0.15653724142857145,0.33982295571428583,0.33982295571428583
Nyamira,IM0003,17.16226488336992,4,0.06035458858364944,0.8977253825052849,0.0259627585714286,0.30546581285714286,0.30546581285714286
Nyamira,IM0003,17.16226488336992,5,-0.17469141383384607,0.7079390107445863,0.0334627585714286,0.29853724142857146,0.29853724142857146
