admin1,cultivar,nitro,month,r,p,me,mae,rmse
Nyamira,IF0006,3.234025200572569,3,-0.04834145051105905,0.9180288621332997,0.3693199014285714,0.38801001285714276,0.38801001285714276
Nyamira,IF0006,3.234025200572569,4,-0.3877681123972394,0.39005923211602267,0.5286056157142857,0.5371528699999999,0.5371528699999999
Nyamira,IF0006,3.234025200572569,5,0.19324481367972376,0.6780284608039303,0.4260341871428571,0.4662957271428571,0.4662957271428571
