admin1,cultivar,nitro,month,r,p,me,mae,rmse
Nyamira,IF0021,8.555037518564323,3,-0.13106520337709318,0.7794029554328988,-0.19089438428571429,0.35160867,0.35160867
Nyamira,IF0021,8.555037518564323,4,-0.10808711440265752,0.8175756008964163,0.3151770442857143,0.45084713000000004,0.45084713000000004
Nyamira,IF0021,8.555037518564323,5,-0.0640582946164692,0.8914742474244142,0.5149627585714286,0.5196528699999999,0.5196528699999999
