admin1,cultivar,nitro,month,r,p,me,mae,rmse
Nyamira,IB0067,7.206238168536776,3,-0.44776458052428936,0.31370364264692985,-0.12668009857142856,0.3743943842857143,0.3743943842857143
Nyamira,IB0067,7.206238168536776,4,-0.4222115435114229,0.3453713579316392,-0.03675152714285712,0.2914658128571429,0.2914658128571429
Nyamira,IB0067,7.206238168536776,5,0.4873641316136197,0.26727809081618187,-0.13560867000000004,0.28732295571428573,0.28732295571428573
