admin1,cultivar,nitro,month,r,p,me,mae,rmse
Nyamira,IM0002,4.971512118132339,3,-0.3817666077443587,0.3980710558458339,-0.27160867000000005,0.4328943842857143,0.4328943842857143
Nyamira,IM0002,4.971512118132339,4,0.04036328766287685,0.9315329595508002,-0.004251527142857148,0.27853724142857145,0.27853724142857145
Nyamira,IM0002,4.971512118132339,5,0.3139730181920461,0.492861834985514,-0.017465812857142833,0.27575152714285717,0.27575152714285717
