admin1,cultivar,nitro,month,r,p,me,mae,rmse
Nyamira,KY0013,45.54692813300048,3,0.18327773587960228,0.6940573575438846,-0.14489438428571427,0.31146581285714287,0.31146581285714287
Nyamira,KY0013,45.54692813300048,4,-0.1839398899787395,0.6929896122880138,-0.08103724142857141,0.33560867000000005,0.33560867000000005
Nyamira,KY0013,45.54692813300048,5,0.02157444322474899,0.9633826109319783,-0.0018229557142857011,0.3269658128571429,0.3269658128571429
