admin1,cultivar,nitro,month,r,p,me,mae,rmse
Nyamira,KA0001,188.80592903569064,3,-0.025754588978650215,0.9562921508541863,1.551105615714286,1.551105615714286,1.551105615714286
Nyamira,KA0001,188.80592903569064,4,0.15438475651804845,0.7410205307998841,1.23239133,1.23239133,1.23239133
Nyamira,KA0001,188.80592903569064,5,0.2796562556047157,0.5435858263712143,1.1379627585714285,1.1379627585714285,1.1379627585714285
