admin1,cultivar,nitro,month,r,p,me,mae,rmse
Siaya,KY0006,125.27346625003072,3,0.38284437455787573,0.39662747782371033,1.0374412242857143,1.0374412242857143,1.0374412242857143
Siaya,KY0006,125.27346625003072,4,-0.04435575087968352,0.9247733912152001,0.9220126528571428,0.9220126528571428,0.9220126528571428
Siaya,KY0006,125.27346625003072,5,-0.3839802609980437,0.39510831813958086,0.8105126528571428,0.8105126528571428,0.8105126528571428
