admin1,cultivar,nitro,month,r,p,me,mae,rmse
Siaya,IF0019,14.86631366564395,3,-0.4052403449834333,0.3671106429370968,-0.020987347142857136,0.45339813285714275,0.45339813285714275
Siaya,IF0019,14.86631366564395,4,0.3520296549634775,0.43870725621202306,0.04979836714285716,0.3803267042857143,0.3803267042857143
Siaya,IF0019,14.86631366564395,5,-0.0955210645192556,0.8385771941668106,0.15515551000000002,0.3652552757142856,0.3652552757142856
