admin1,cultivar,nitro,month,r,p,me,mae,rmse
Siaya,IF0022,14.36228139029944,3,0.06440855443921482,0.8908833041323971,-0.07070163285714283,0.44454099,0.44454099
Siaya,IF0022,14.36228139029944,4,0.013364703234951897,0.9773134013302084,0.09315551000000001,0.3703597528571429,0.3703597528571429
Siaya,IF0022,14.36228139029944,5,-0.19866748793600977,0.6693477904480528,0.08279836714285715,0.40757403857142854,0.40757403857142854
