admin1,cultivar,nitro,month,r,p,me,mae,rmse
Siaya,IF0010,10.115561186935523,3,0.018968794966839925,0.9678033666579444,-0.1824159185714286,0.48811241857142856,0.48811241857142856
Siaya,IF0010,10.115561186935523,4,0.18747773992220956,0.687291588497411,-0.021487347142857112,0.40904099,0.40904099
Siaya,IF0010,10.115561186935523,5,-0.23060148936959396,0.6188441000012946,-0.006415918571428552,0.4409695614285714,0.4409695614285714
