admin1,cultivar,nitro,month,r,p,me,mae,rmse
Siaya,IF0001,7.652417203945664,3,0.1022192087714521,0.8273724602845114,-0.19463020428571426,0.48789813285714284,0.48789813285714284
Siaya,IF0001,7.652417203945664,4,0.2901450421726893,0.5279030815377024,-0.00963020428571423,0.39304099,0.39304099
Siaya,IF0001,7.652417203945664,5,-0.02029978555117326,0.9655451138464882,-0.022273061428571408,0.4293981328571429,0.4293981328571429
