admin1,cultivar,nitro,month,r,p,me,mae,rmse
Siaya,IF0006,11.613097723308119,3,0.32058016235025355,0.48329555802501145,-0.15141591857142853,0.46825527571428566,0.46825527571428566
Siaya,IF0006,11.613097723308119,4,0.2078257198919435,0.6547538086165389,-0.0725587757142857,0.4396838471428572,0.4396838471428572
Siaya,IF0006,11.613097723308119,5,-0.1649202541443979,0.7238146045268259,-0.1570587757142857,0.4963267042857143,0.4963267042857143
