admin1,cultivar,nitro,month,r,p,me,mae,rmse
Siaya,KY0017,20.96629202679136,3,-0.3714788185290245,0.41195504231974667,-0.10870163285714284,0.5686838471428571,0.5686838471428571
Siaya,KY0017,20.96629202679136,4,0.19656168228422943,0.6727153637301739,-0.011987347142857112,0.3969695614285714,0.3969695614285714
Siaya,KY0017,20.96629202679136,5,0.07810826616826805,0.8678034104790564,0.2550840814285714,0.38271689571428563,0.38271689571428563
