admin1,cultivar,nitro,month,r,p,me,mae,rmse
Siaya,KY0013,66.08340173451474,3,0.13309070926171668,0.7760539355879598,0.022155509999999982,0.41154098999999994,0.41154098999999994
Siaya,KY0013,66.08340173451474,4,0.5305322187813257,0.2205449085747688,0.031798367142857144,0.3621838471428572,0.3621838471428572
Siaya,KY0013,66.08340173451474,5,-0.25841405960450026,0.5758023840629308,-0.01977306142857143,0.4692883242857143,0.4692883242857143
