admin1,cultivar,nitro,month,r,p,me,mae,rmse
Siaya,IF0020,19.700655684048797,3,-0.16223505778157823,0.7281913975828237,0.13122693857142856,0.3978981328571428,0.3978981328571428
Siaya,IF0020,19.700655684048797,4,-0.0920127836176946,0.8444546529071711,0.28108408142857144,0.41300260999999994,0.41300260999999994
Siaya,IF0020,19.700655684048797,5,-0.2191983682221369,0.6367523493972488,0.3057983671428572,0.4627168957142857,0.4627168957142857
