admin1,cultivar,nitro,month,r,p,me,mae,rmse
Siaya,IM0002,16.406724463359467,3,-0.12131749930823199,0.7955572807462472,-0.11341591857142856,0.4671124185714285,0.4671124185714285
Siaya,IM0002,16.406724463359467,4,0.28089074821126103,0.5417321127539328,-0.023987347142857156,0.4109695614285714,0.4109695614285714
Siaya,IM0002,16.406724463359467,5,-0.030710398377703674,0.9478889902723686,0.0055126528571428635,0.41861241857142856,0.41861241857142856
