admin1,cultivar,nitro,month,r,p,me,mae,rmse
Siaya,IB0067,19.83644127505863,3,-0.48428783293246014,0.27076542850309965,-0.19355877571428573,0.5109695614285714,0.5109695614285714
Siaya,IB0067,19.83644127505863,4,-0.06747755059584726,0.8857071675669532,-0.0992016328571428,0.45918384714285715,0.45918384714285715
Siaya,IB0067,19.83644127505863,5,-0.07536304091926965,0.8724227423932744,-0.15441591857142858,0.4886838471428572,0.4886838471428572
