admin1,cultivar,nitro,month,r,p,me,mae,rmse
Trans Nzoia,KY0012,91.18652188082916,3,-0.07614067349664871,0.8711139393225659,-2.2598845942857144,2.78590546,2.78590546
Trans Nzoia,KY0012,91.18652188082916,4,0.07302449298928979,0.8763600461974775,-1.246741737142857,1.4693688457142857,1.4693688457142857
Trans Nzoia,KY0012,91.18652188082916,5,-0.2355723220586382,0.6110836586278763,-0.5248845942857142,0.7653774314285714,0.7653774314285714
