admin1,cultivar,nitro,month,r,p,me,mae,rmse
Trans Nzoia,KY0004,197.40942231955924,3,-0.05690777357692006,0.9035467219156634,-2.686170308571428,2.686170308571428,2.686170308571428
Trans Nzoia,KY0004,197.40942231955924,4,0.017929507137325038,0.9695668155129795,-1.640741737142857,1.640741737142857,1.640741737142857
Trans Nzoia,KY0004,197.40942231955924,5,-0.4267408224488908,0.33966374382341247,-0.7068845942857143,0.7450917171428573,0.7450917171428573
