admin1,cultivar,nitro,month,r,p,me,mae,rmse
Trans Nzoia,IF0003,68.10835724024543,3,-0.12913640681168218,0.7825945979893567,-2.2210274514285713,2.6433340314285716,2.6433340314285716
Trans Nzoia,IF0003,68.10835724024543,4,0.0531212062945006,0.9099458251356161,-1.1433131657142857,1.4541911742857143,1.4541911742857143
Trans Nzoia,IF0003,68.10835724024543,5,-0.15587276229228408,0.738585049848839,-0.18688459428571427,0.4922345742857142,0.4922345742857142
