admin1,cultivar,nitro,month,r,p,me,mae,rmse
Trans Nzoia,IF0020,45.394653040276836,3,-0.12633093390471203,0.7872412269060803,-2.53859888,2.6920483171428566,2.6920483171428566
Trans Nzoia,IF0020,45.394653040276836,4,0.031262906345070576,0.9469523742415284,-1.536741737142857,1.536741737142857,1.536741737142857
Trans Nzoia,IF0020,45.394653040276836,5,-0.6178757363053029,0.13923191041997446,-0.43202745142857146,0.6239488599999999,0.6239488599999999
