admin1,cultivar,nitro,month,r,p,me,mae,rmse
Trans Nzoia,IF0004,62.51891852861316,3,-0.13394212794140933,0.7746469999856334,-2.2263131657142856,2.6983340314285718,2.6983340314285718
Trans Nzoia,IF0004,62.51891852861316,4,0.05526146252156476,0.9063284089961839,-1.1748845942857142,1.4580274514285716,1.4580274514285716
Trans Nzoia,IF0004,62.51891852861316,5,-0.2192524069100632,0.6366671437908098,-0.09159888000000002,0.44014739714285717,0.44014739714285717
