admin1,cultivar,nitro,month,r,p,me,mae,rmse
Trans Nzoia,KA0001,154.56392089096454,3,-0.05803392080122027,0.901644379241896,-2.895456022857143,2.895456022857143,2.895456022857143
Trans Nzoia,KA0001,154.56392089096454,4,0.03392806574438731,0.9424350719296927,-2.0398845942857142,2.0398845942857142,2.0398845942857142
Trans Nzoia,KA0001,154.56392089096454,5,-0.3601404174907866,0.42747207174271085,-1.3215988800000003,1.3215988800000003,1.3215988800000003
