admin1,cultivar,nitro,month,r,p,me,mae,rmse
Trans Nzoia,IM0003,110.72929766106165,3,-0.062328008650811506,0.8943940932416599,-2.632027451428571,2.676884594285714,2.676884594285714
Trans Nzoia,IM0003,110.72929766106165,4,0.016648924461117168,0.9717398250505146,-1.1303131657142858,1.5211911742857143,1.5211911742857143
Trans Nzoia,IM0003,110.72929766106165,5,0.03206521682741707,0.9455923776647106,0.8776868342857143,1.0256868342857142,1.0256868342857142
