admin1,cultivar,nitro,month,r,p,me,mae,rmse
Trans Nzoia,IM0001,108.74870212436375,3,-0.108017379163165,0.8176919198893646,-2.2978845942857142,2.5841911742857144,2.5841911742857144
Trans Nzoia,IM0001,108.74870212436375,4,0.05994150718233155,0.8984228491393097,-1.4198845942857143,1.5184560228571429,1.5184560228571429
Trans Nzoia,IM0001,108.74870212436375,5,0.10609056888508188,0.8209069023954526,-0.47017030857142855,0.5363774314285714,0.5363774314285714
