admin1,cultivar,nitro,month,r,p,me,mae,rmse
Uasin Gishu,IM0002,78.86961034050772,3,-0.1810237464303034,0.697694996930281,0.11037949000000001,1.2803794899999998,1.2803794899999998
Uasin Gishu,IM0002,78.86961034050772,4,0.7689882403230635,0.04330737528724896,-0.027477652857142893,0.40966996428571434,0.40966996428571434
Uasin Gishu,IM0002,78.86961034050772,5,0.21726492534688707,0.6398029962953288,0.2568080614285713,0.5109509185714286,0.5109509185714286
