admin1,cultivar,nitro,month,r,p,me,mae,rmse
Uasin Gishu,KY0002,190.5210511581431,3,-0.08027521990834091,0.8641592292332826,-0.44162051,0.8612366328571428,0.8612366328571428
Uasin Gishu,KY0002,190.5210511581431,4,0.26273657079376667,0.5691988246822355,-0.09497765285714285,0.3884014642857144,0.3884014642857144
Uasin Gishu,KY0002,190.5210511581431,5,-0.6181738938338208,0.1389859727106176,-0.2445490814285715,0.7574014642857143,0.7574014642857143
