admin1,cultivar,nitro,month,r,p,me,mae,rmse
Uasin Gishu,KY0007,60.026520089157415,3,-0.21075025940770495,0.6501115642451143,-0.3480490814285715,0.9570515014285715,0.9570515014285715
Uasin Gishu,KY0007,60.026520089157415,4,0.6681716882704946,0.10088435231093938,-0.01069193857142871,0.25230806142857143,0.25230806142857143
Uasin Gishu,KY0007,60.026520089157415,5,-0.24869482142842264,0.5907367911027211,0.3739509185714284,0.7152366328571428,0.7152366328571428
