admin1,cultivar,nitro,month,r,p,me,mae,rmse
Uasin Gishu,IF0004,67.91370273854731,3,-0.2831058194441216,0.5384112136808096,0.0448794899999999,1.2243080614285713,1.2243080614285713
Uasin Gishu,IF0004,67.91370273854731,4,0.7980580603786229,0.03146614889994832,-0.008477652857142954,0.3515271071428571,0.3515271071428571
Uasin Gishu,IF0004,67.91370273854731,5,-0.4445627292929948,0.3175999017070525,0.16695091857142857,0.46919435857142877,0.46919435857142877
