admin1,cultivar,nitro,month,r,p,me,mae,rmse
Uasin Gishu,KA0001,146.10288007031917,3,-0.26437229697563325,0.5667061751101875,-0.8836205100000001,1.0629062242857146,1.0629062242857146
Uasin Gishu,KA0001,146.10288007031917,4,0.38984818814738653,0.38729765296711405,-0.7229776528571428,0.7382633671428572,0.7382633671428572
Uasin Gishu,KA0001,146.10288007031917,5,0.8482687934582924,0.015845085528183332,-0.8125490814285715,0.8125490814285715,0.8125490814285715
