admin1,cultivar,nitro,month,r,p,me,mae,rmse
Uasin Gishu,IF0022,66.58426796622652,3,-0.20257442658892014,0.6631115530823675,-0.18490622428571438,1.06662293,1.06662293
Uasin Gishu,IF0022,66.58426796622652,4,0.7181085984447952,0.06913750837094826,-0.0851919385714286,0.40824139285714295,0.40824139285714295
Uasin Gishu,IF0022,66.58426796622652,5,-0.2271937772182958,0.624180553698257,-0.03526336714285711,0.5168300357142859,0.5168300357142859
