admin1,cultivar,nitro,month,r,p,me,mae,rmse
Uasin Gishu,IF0003,73.66870099537071,3,-0.17738442390178816,0.7035780792435468,-0.056763367142857124,1.1489509185714284,1.1489509185714284
Uasin Gishu,IF0003,73.66870099537071,4,0.670336279663636,0.099376876819285,-0.0075490814285715324,0.4274556785714286,0.4274556785714286
Uasin Gishu,IF0003,73.66870099537071,5,-0.23485565541188386,0.6122007513596023,-0.004334795714285696,0.6471871785714287,0.6471871785714287
