admin1,cultivar,nitro,month,r,p,me,mae,rmse
Uasin Gishu,KY0009,180.29934188444636,3,-0.27458053068448746,0.5512293400154901,-1.1599776528571428,1.249406224285714,1.249406224285714
Uasin Gishu,KY0009,180.29934188444636,4,0.3561671889433919,0.4329619340686861,-0.8955490814285714,0.8955490814285714,0.8955490814285714
Uasin Gishu,KY0009,180.29934188444636,5,0.11594935097850041,0.8044787904270114,-1.0604062242857142,1.0604062242857142,1.0604062242857142
