admin1,cultivar,nitro,month,r,p,me,mae,rmse
Uasin Gishu,IF0009,47.21359549995793,3,-0.3323365557871104,0.4664415701224834,-0.27790622428571427,1.1341943585714287,1.1341943585714287
Uasin Gishu,IF0009,47.21359549995793,4,0.6513382109715469,0.11301182019925482,0.040165204285714254,0.3554556785714285,0.3554556785714285
Uasin Gishu,IF0009,47.21359549995793,5,-0.25706317332767664,0.5778710408369659,0.3222366328571429,0.5337657871428574,0.5337657871428574
