admin1,cultivar,nitro,month,r,p,me,mae,rmse
Uasin Gishu,IF0021,50.25791481902852,3,-0.27548528188540655,0.549864324742084,-0.37733479571428574,1.0350515014285715,1.0350515014285715
Uasin Gishu,IF0021,50.25791481902852,4,0.6659819927661005,0.10242138083634224,-0.013334795714285783,0.3408128214285714,0.3408128214285714
Uasin Gishu,IF0021,50.25791481902852,5,-0.1624738148859179,0.727801990846022,0.08916520428571426,0.520980072857143,0.520980072857143
