admin1,cultivar,nitro,month,r,p,me,mae,rmse
Uasin Gishu,IF0002,60.9911729753128,3,-0.18810662934764746,0.6862799285240024,-0.20104908142857156,1.0649086442857143,1.0649086442857143
Uasin Gishu,IF0002,60.9911729753128,4,0.7567754596976292,0.04891079324808705,-0.13719193857142858,0.38252710714285715,0.38252710714285715
Uasin Gishu,IF0002,60.9911729753128,5,-0.2214556899292059,0.6331958306591674,0.002950918571428675,0.47361575000000017,0.47361575000000017
