admin1,cultivar,nitro,month,r,p,me,mae,rmse
Bomet,IM0002,10.952376606711717,3,0.1378404196948257,0.7682115324938085,-0.04044631571428571,0.4518951385714285,0.4518951385714285
Bomet,IM0002,10.952376606711717,4,0.17445887906563629,0.7083158657361845,0.07555368428571427,0.42737945857142856,0.42737945857142856
Bomet,IM0002,10.952376606711717,5,-0.2653337585297118,0.5652426435757488,-0.07316060142857148,0.5192366014285714,0.5192366014285714
