admin1,cultivar,nitro,month,r,p,me,mae,rmse
Bomet,KY0001,22.277603555740004,3,0.21968486329807657,0.6359853820073226,-0.11973203000000002,0.4491808528571429,0.4491808528571429
Bomet,KY0001,22.277603555740004,4,-0.2659284710683413,0.5643379780360425,-0.019589172857142963,0.5250937442857142,0.5250937442857142
Bomet,KY0001,22.277603555740004,5,0.08661488398740896,0.8535089494913182,-0.29144631571428575,0.47123660142857154,0.47123660142857154
