admin1,cultivar,nitro,month,r,p,me,mae,rmse
Bomet,EM0001,183.74352720822415,3,-0.6761205392813947,0.09540683257228542,2.5284108271428574,2.5284108271428574,2.5284108271428574
Bomet,EM0001,183.74352720822415,4,-0.061608314706173284,0.8956088527008915,2.1406965414285715,2.1406965414285715,2.1406965414285715
Bomet,EM0001,183.74352720822415,5,0.4382951115804805,0.32528690138590377,1.8786965414285712,1.8786965414285712,1.8786965414285712
