admin1,cultivar,nitro,month,r,p,me,mae,rmse
Bomet,KY0015,8.555037518564323,3,0.07140877036759355,0.8790815516127106,0.04798225571428565,0.4889508871428571,0.4889508871428571
Bomet,KY0015,8.555037518564323,4,-0.5772147097478741,0.1748131047826242,0.18383939857142856,0.5485223157142858,0.5485223157142858
Bomet,KY0015,8.555037518564323,5,0.19829060371008667,0.6699501763472395,0.2272679699999999,0.5116651728571429,0.5116651728571429
