admin1,cultivar,nitro,month,r,p,me,mae,rmse
Bomet,KY0014,3.0661836945148044,3,0.12123618385428131,0.7956922918018234,0.35055368428571426,0.5355223157142858,0.5355223157142858
Bomet,KY0014,3.0661836945148044,4,-0.08085109526932953,0.8631910953457537,0.4468393985714285,0.5935223157142857,0.5935223157142857
Bomet,KY0014,3.0661836945148044,5,0.3060172110308632,0.5044686341115623,0.3575536842857142,0.5222366014285714,0.5222366014285714
