admin1,cultivar,nitro,month,r,p,me,mae,rmse
Bomet,KY0008,5.086416474604166,3,-0.14288997608765314,0.7598912587563545,0.636410827142857,0.7493794585714284,0.7493794585714284
Bomet,KY0008,5.086416474604166,4,-0.2758630549469582,0.5492946979131421,0.98226797,0.98226797,0.98226797
Bomet,KY0008,5.086416474604166,5,0.057636468164891264,0.9023157332135515,0.8709822557142857,0.9356651728571428,0.9356651728571428
