admin1,cultivar,nitro,month,r,p,me,mae,rmse
Bungoma,KY0001,86.5722274857182,3,-0.004107999356067926,0.9930261025383816,-0.6672964857142857,0.9455466457142858,0.9455466457142858
Bungoma,KY0001,86.5722274857182,4,-0.1635501264229062,0.7260471330262044,0.03441780000000007,0.555679162857143,0.555679162857143
Bungoma,KY0001,86.5722274857182,5,0.6009602058015622,0.15354376856045746,-0.2987250571428572,0.44257186000000004,0.44257186000000004
