admin1,cultivar,nitro,month,r,p,me,mae,rmse
Bungoma,KY0010,76.39320225002102,3,-0.008892995199258229,0.9849033794322739,-0.6507250571428571,0.9812609314285715,0.9812609314285715
Bungoma,KY0010,76.39320225002102,4,-0.13601612053578135,0.7712218663844644,-0.05515362857142853,0.5332505914285715,0.5332505914285715
Bungoma,KY0010,76.39320225002102,5,0.5713874652964799,0.18024055938575265,-0.32858220000000005,0.44185757428571437,0.44185757428571437
