admin1,cultivar,nitro,month,r,p,me,mae,rmse
Bungoma,IM0002,45.54692813300048,3,0.014074244067621151,0.9761091875498364,-0.690725057142857,0.8752609314285714,0.8752609314285714
Bungoma,IM0002,45.54692813300048,4,-0.25122967073709856,0.5868304453069593,-0.3748679142857143,0.48143934285714296,0.48143934285714296
Bungoma,IM0002,45.54692813300048,5,0.08138594531594498,0.8622920531283343,-0.11358219999999994,0.40625059142857145,0.40625059142857145
