admin1,cultivar,nitro,month,r,p,me,mae,rmse
Bungoma,IF0006,59.690834922322125,3,-0.15147993224246004,0.7457799191784208,-0.26658220000000005,1.0843934485714286,1.0843934485714286
Bungoma,IF0006,59.690834922322125,4,0.13890676888914466,0.7664529855801919,0.00498922857142871,0.4499648771428572,0.4499648771428572
Bungoma,IF0006,59.690834922322125,5,0.3258938372026812,0.4756509770740373,0.09327494285714286,0.4562505914285714,0.4562505914285714
