admin1,cultivar,nitro,month,r,p,me,mae,rmse
Bungoma,IB0067,73.05986667521975,3,-0.09070027245342774,0.8466550041350356,-0.17143934285714277,1.06982202,1.06982202
Bungoma,IB0067,73.05986667521975,4,-0.2284993502578591,0.6221344789400136,-0.03786791428571431,0.5097943857142856,0.5097943857142856
Bungoma,IB0067,73.05986667521975,5,0.515516258721067,0.23632814792471468,0.2751320857142857,0.47622295714285706,0.47622295714285706
