admin1,cultivar,nitro,month,r,p,me,mae,rmse
Bungoma,IF0022,44.68183464738646,3,-0.026574306463977935,0.954901984086886,-0.38201077142857137,0.9083934485714286,0.9083934485714286
Bungoma,IF0022,44.68183464738646,4,-0.23598519822250758,0.6104403662547254,-0.06001077142857136,0.47193724285714284,0.47193724285714284
Bungoma,IF0022,44.68183464738646,5,0.09548618806066372,0.8386355940810081,0.3389892285714286,0.5649372428571428,0.5649372428571428
