admin1,cultivar,nitro,month,r,p,me,mae,rmse
Bungoma,KY0002,134.7227595244374,3,-0.041045887785164104,0.9303770204709707,-0.24001077142857138,0.9632505914285714,0.9632505914285714
Bungoma,KY0002,134.7227595244374,4,0.5627148491268751,0.1884682026212804,0.25598922857142853,0.48508009999999985,0.48508009999999985
Bungoma,KY0002,134.7227595244374,5,-0.06905952987363527,0.8830402701692946,0.10227494285714288,0.42965152857142846,0.42965152857142846
