admin1,cultivar,nitro,month,r,p,me,mae,rmse
Bungoma,GH0010,67.61586082413669,3,-0.005944751870866148,0.9899080541064339,-0.23286791428571435,0.9643934485714285,0.9643934485714285
Bungoma,GH0010,67.61586082413669,4,-0.26877274012572266,0.5600177312795398,-0.036867914285714294,0.5276515285714286,0.5276515285714286
Bungoma,GH0010,67.61586082413669,5,0.3293124397375275,0.4707561453915389,0.3004177999999999,0.5186515285714284,0.5186515285714284
