admin1,cultivar,nitro,month,r,p,me,mae,rmse
Bungoma,IF0004,40.48716591992509,3,0.008456295337359601,0.985644660446357,-0.3830107714285714,0.8951077342857143,0.8951077342857143
Bungoma,IF0004,40.48716591992509,4,-0.40968192462435565,0.36136795576087566,-0.09472505714285699,0.4869372428571429,0.4869372428571429
Bungoma,IF0004,40.48716591992509,5,0.10290896048845667,0.8262199294561536,0.24541779999999994,0.5115363057142857,0.5115363057142857
