admin1,cultivar,nitro,month,r,p,me,mae,rmse
Bungoma,KY0008,27.512939650592912,3,0.024575319365158006,0.9582922393666721,-0.4421536285714286,0.8471077342857143,0.8471077342857143
Bungoma,KY0008,27.512939650592912,4,0.25353686573017287,0.5832818434784116,0.017846371428571546,0.4136791628571429,0.4136791628571429
Bungoma,KY0008,27.512939650592912,5,-0.08885641271245151,0.8497474674681705,0.19570351428571436,0.5189648771428571,0.5189648771428571
