admin1,cultivar,nitro,month,r,p,me,mae,rmse
Bungoma,KY0018,29.17960675006309,3,-0.040607301916421354,0.9311197261475788,-0.27743934285714283,0.9421077342857141,0.9421077342857141
Bungoma,KY0018,29.17960675006309,4,0.5272020165170245,0.22400102759977442,0.09698922857142867,0.3835086714285714,0.3835086714285714
Bungoma,KY0018,29.17960675006309,5,0.7011870786896037,0.07918450519190175,0.06498922857142864,0.3566515285714285,0.3566515285714285
