admin1,cultivar,nitro,month,r,p,me,mae,rmse
Bungoma,KY0006,74.72653445026005,3,-0.04267458129409844,0.9276193296874226,-0.7862964857142857,0.8285822000000002,0.8285822000000002
Bungoma,KY0006,74.72653445026005,4,0.029757187893752465,0.9495049921929957,-0.42072505714285713,0.44386791428571426,0.44386791428571426
Bungoma,KY0006,74.72653445026005,5,0.5970932307205299,0.15691412943389532,-0.5712964857142857,0.5712964857142857,0.5712964857142857
