admin1,cultivar,nitro,month,r,p,me,mae,rmse
Bungoma,KY0004,121.6437996939233,3,0.06418024749771224,0.8912684892304812,-0.36943934285714286,0.8052505914285712,0.8052505914285712
Bungoma,KY0004,121.6437996939233,4,-0.46270243671840167,0.2958041610687628,-0.02029648571428571,0.3905086714285714,0.3905086714285714
Bungoma,KY0004,121.6437996939233,5,0.03417627116341762,0.9420144380077154,0.0487035142857143,0.39510773428571433,0.39510773428571433
