admin1,cultivar,nitro,month,r,p,me,mae,rmse
Bungoma,KY0016,26.704499878092687,3,0.04390250305515051,0.9255406020563549,-0.4518679142857142,0.8202505914285716,0.8202505914285716
Bungoma,KY0016,26.704499878092687,4,0.4054057629470516,0.3668960984132597,0.006417800000000045,0.3479648771428571,0.3479648771428571
Bungoma,KY0016,26.704499878092687,5,-0.1434414025287393,0.7589837611866984,0.15627494285714288,0.4786791628571428,0.4786791628571428
