admin1,cultivar,nitro,month,r,p,me,mae,rmse
Bungoma,IF0020,41.85879385302807,3,0.006543429882839756,0.9888917662312245,-0.43201077142857136,0.949975217142857,0.949975217142857
Bungoma,IF0020,41.85879385302807,4,0.0009501443304721358,0.9983869856150773,0.004560657142857202,0.46782202,0.46782202
Bungoma,IF0020,41.85879385302807,5,0.17027764116719815,0.7151001583280511,0.35070351428571434,0.6011077342857144,0.6011077342857144
