admin1,cultivar,nitro,month,r,p,me,mae,rmse
Bungoma,KY0007,27.512939650592912,3,0.037224296209313,0.9368498452307777,-0.43101077142857136,0.8388220200000001,0.8388220200000001
Bungoma,KY0007,27.512939650592912,4,0.3738916739308003,0.4086819025943397,0.042274942857142825,0.3855363057142858,0.3855363057142858
Bungoma,KY0007,27.512939650592912,5,-0.05318456644394559,0.9098387171205731,0.2071320857142858,0.5095363057142858,0.5095363057142858
