admin1,cultivar,nitro,month,r,p,me,mae,rmse
Bungoma,IF0019,31.798413912655462,3,0.03411738039305187,0.9421142392765053,-0.5490107714285715,0.9144037885714287,0.9144037885714287
Bungoma,IF0019,31.798413912655462,4,0.4430698990772065,0.31942360610020315,0.023560657142857138,0.36910773428571425,0.36910773428571425
Bungoma,IF0019,31.798413912655462,5,0.101285761281903,0.8289325831236696,0.2499892285714285,0.5027943857142856,0.5027943857142856
