admin1,cultivar,nitro,month,r,p,me,mae,rmse
Kakamega,KY0004,37.734644701430916,3,0.5415976274661338,0.20924406353033487,-0.11743113857142869,0.35863215571428586,0.35863215571428586
Kakamega,KY0004,37.734644701430916,4,0.10010100462556945,0.830913376400587,-0.005431138571428518,0.3369499842857144,0.3369499842857144
Kakamega,KY0004,37.734644701430916,5,-0.1877492632453151,0.6868547582260487,0.19585457571428572,0.39591786999999995,0.39591786999999995
