admin1,cultivar,nitro,month,r,p,me,mae,rmse
Kakamega,IF0022,37.33529088798407,3,0.30176921707800675,0.5107046701229485,0.1268545757142858,0.3816796042857142,0.3816796042857142
Kakamega,IF0022,37.33529088798407,4,-0.032666276801821395,0.9445735895396686,0.02571171857142862,0.43723569857142847,0.43723569857142847
Kakamega,IF0022,37.33529088798407,5,0.1539732775168027,0.741694319878418,0.2577117185714285,0.39380712714285704,0.39380712714285704
