admin1,cultivar,nitro,month,r,p,me,mae,rmse
Kakamega,KY0012,45.54692813300048,3,0.05203456804596301,0.9117829150683768,-0.17914542428571426,0.41491787,0.41491787
Kakamega,KY0012,45.54692813300048,4,0.3765068475617116,0.4051459228387694,-0.17571685285714284,0.30920358428571415,0.30920358428571415
Kakamega,KY0012,45.54692813300048,5,0.05576380811392761,0.9054795397087082,-0.01028828142857141,0.41434644142857147,0.41434644142857147
