admin1,cultivar,nitro,month,r,p,me,mae,rmse
Kakamega,IF0010,35.66095125824203,3,0.270800522133802,0.5569441783677828,0.11914029000000004,0.3808224614285713,0.3808224614285713
Kakamega,IF0010,35.66095125824203,4,-0.22116738041391748,0.6336497650920614,0.041854575714285636,0.43566427,0.43566427
Kakamega,IF0010,35.66095125824203,5,0.3126237456734321,0.49482359397947717,0.2902831471428572,0.4066642700000001,0.4066642700000001
