admin1,cultivar,nitro,month,r,p,me,mae,rmse
Kakamega,IF0005,34.07354324960218,3,0.2453062668709613,0.5959710436727654,-0.03914542428571439,0.3683464414285715,0.3683464414285715
Kakamega,IF0005,34.07354324960218,4,-0.04336940664546957,0.9264430309814345,-0.11957399571428572,0.3930928414285716,0.3930928414285716
Kakamega,IF0005,34.07354324960218,5,0.3278777827135183,0.4728080754714207,0.0458545757142857,0.34048929857142857,0.34048929857142857
