admin1,cultivar,nitro,month,r,p,me,mae,rmse
Kakamega,KY0001,73.05986667521975,3,-0.20115792138154903,0.6653708050344368,-0.23157399571428558,0.5042035842857143,0.5042035842857143
Kakamega,KY0001,73.05986667521975,4,0.2762263257455937,0.5487471201536246,-0.09771685285714285,0.37139388999999995,0.37139388999999995
Kakamega,KY0001,73.05986667521975,5,0.4006181728914757,0.373126343260624,0.013568861428571357,0.37906072714285705,0.37906072714285705
