admin1,cultivar,nitro,month,r,p,me,mae,rmse
Kakamega,KY0014,36.494705146955255,3,0.3578208433065826,0.43067379260165944,-0.04300256714285714,0.35877501285714297,0.35877501285714297
Kakamega,KY0014,36.494705146955255,4,0.3195360194040503,0.48480288001908245,-0.08085971000000014,0.29948929857142864,0.29948929857142864
Kakamega,KY0014,36.494705146955255,5,-0.039821232927482866,0.9324509623788583,0.23814028999999998,0.42477501285714275,0.42477501285714275
