admin1,cultivar,nitro,month,r,p,me,mae,rmse
Kakamega,IF0001,32.135983322838484,3,0.48913643352949354,0.2652782897931768,0.04456886142857143,0.31034644142857154,0.31034644142857154
Kakamega,IF0001,32.135983322838484,4,-0.10094267113639727,0.8295061214114913,-0.07585971,0.43023569857142874,0.43023569857142874
Kakamega,IF0001,32.135983322838484,5,0.13292336757930007,0.7763305184421899,0.07971171857142852,0.3734892985714286,0.3734892985714286
