admin1,cultivar,nitro,month,r,p,me,mae,rmse
Kakamega,IF0011,29.887692600825396,3,0.38525717444211566,0.39340332769307207,0.16771171857142858,0.3246321557142856,0.3246321557142856
Kakamega,IF0011,29.887692600825396,4,-0.21770003917014044,0.6391161067437616,0.09714028999999999,0.4198071271428572,0.4198071271428572
Kakamega,IF0011,29.887692600825396,5,0.026772232034989754,0.9545663337264876,0.19942600428571428,0.38777501285714283,0.38777501285714283
