admin1,cultivar,nitro,month,r,p,me,mae,rmse
Kakamega,KY0002,78.07328594097986,3,-0.12038758526136831,0.7971014927532529,-0.10700256714285716,0.5012510328571429,0.5012510328571429
Kakamega,KY0002,78.07328594097986,4,0.25157620875475933,0.586297027305701,-0.020716852857142896,0.33191786999999995,0.33191786999999995
Kakamega,KY0002,78.07328594097986,5,0.20054728188464124,0.666345365111439,0.07485457571428562,0.35234644142857136,0.35234644142857136
