admin1,cultivar,nitro,month,r,p,me,mae,rmse
Kericho,KY0002,60.53886396627466,3,0.2533409732984979,0.5835828800728179,-0.5746621985714285,0.8038050557142858,0.8038050557142858
Kericho,KY0002,60.53886396627466,4,-0.4131027559203232,0.3569706121654355,-0.15680505571428574,0.5040181614285715,0.5040181614285715
Kericho,KY0002,60.53886396627466,5,-0.2803745714159312,0.5425069495789864,0.039052087142857114,0.4704467328571429,0.4704467328571429
