admin1,cultivar,nitro,month,r,p,me,mae,rmse
Kericho,KY0012,30.797138101309695,3,0.24671612530142073,0.5937915555032156,-0.4685193414285714,0.7276410385714286,0.7276410385714286
Kericho,KY0012,30.797138101309695,4,-0.07596409713632103,0.871411107676725,-0.1256621985714286,0.4195895900000001,0.4195895900000001
Kericho,KY0012,30.797138101309695,5,0.4736167124323475,0.283020073730138,-0.11366219857142854,0.35761075000000003,0.35761075000000003
