admin1,cultivar,nitro,month,r,p,me,mae,rmse
Kericho,IM0003,45.54692813300048,3,0.42072185801269785,0.3472573545419023,-0.2531621985714286,0.5559981814285715,0.5559981814285715
Kericho,IM0003,45.54692813300048,4,-0.5603729942947107,0.19072051715823463,-0.22437648428571427,0.6232124671428573,0.6232124671428573
Kericho,IM0003,45.54692813300048,5,0.39791214051228585,0.37666677091207423,-0.12623362714285719,0.36273244714285724,0.36273244714285724
