admin1,cultivar,nitro,month,r,p,me,mae,rmse
Kericho,IF0020,23.132482634727964,3,0.343325679514336,0.4508869086641395,-0.23837648428571434,0.6345292528571428,0.6345292528571428
Kericho,IF0020,23.132482634727964,4,-0.277254815653887,0.5471977899832525,0.04583780142857138,0.4719467328571429,0.4719467328571429
Kericho,IF0020,23.132482634727964,5,-0.08644821954051993,0.8537887159588528,0.04233780142857148,0.4460181614285714,0.4460181614285714
