admin1,cultivar,nitro,month,r,p,me,mae,rmse
Kericho,KY0018,9.478951168185347,3,0.32543503985870903,0.47630929282025536,-0.6003050557142858,0.8000193414285715,0.8000193414285715
Kericho,KY0018,9.478951168185347,4,-0.32047204973832133,0.4834515509367086,-0.12873362714285713,0.49866101857142864,0.49866101857142864
Kericho,KY0018,9.478951168185347,5,-0.12344253234087924,0.7920304555117859,0.014694944285714304,0.4215181614285714,0.4215181614285714
