admin1,cultivar,nitro,month,r,p,me,mae,rmse
Kericho,GH0010,49.27492053352549,3,0.43263873493604865,0.3322919218405363,-0.18009077,0.57267211,0.57267211
Kericho,GH0010,49.27492053352549,4,-0.48312078397290814,0.2720937605549878,-0.1658050557142857,0.5021610185714287,0.5021610185714287
Kericho,GH0010,49.27492053352549,5,0.384630984342448,0.3942390755925387,-0.10401934142857147,0.36380387571428574,0.36380387571428574
