admin1,cultivar,nitro,month,r,p,me,mae,rmse
Kericho,IF0002,23.320516503976396,3,0.34493111209388594,0.4486309550438708,-0.20144791285714284,0.6382838957142857,0.6382838957142857
Kericho,IF0002,23.320516503976396,4,-0.5356234641929006,0.21531029366071455,0.04983780142857145,0.4960895900000001,0.4960895900000001
Kericho,IF0002,23.320516503976396,5,0.38393560105366337,0.3951680033765351,-0.05309077000000003,0.3677324471428572,0.3677324471428572
