admin1,cultivar,nitro,month,r,p,me,mae,rmse
Kericho,IF0005,23.613752016311988,3,0.33265574477260174,0.46598702567936984,-0.34616219857142866,0.6618553242857141,0.6618553242857141
Kericho,IF0005,23.613752016311988,4,-0.21693611970397209,0.6403221988130013,-0.09709077000000008,0.42487530428571446,0.42487530428571446
Kericho,IF0005,23.613752016311988,5,0.40244454206671815,0.3707445526549636,-0.19144791285714285,0.35511075000000003,0.35511075000000003
