admin1,cultivar,nitro,month,r,p,me,mae,rmse
Kericho,KY0010,54.958576467995684,3,0.21558114054211167,0.6424630152564982,-0.4904479128571429,0.7897124671428573,0.7897124671428573
Kericho,KY0010,54.958576467995684,4,-0.43886628607073985,0.3245831002005266,-0.09430505571428574,0.4966610185714286,0.4966610185714286
Kericho,KY0010,54.958576467995684,5,-0.2098227713651863,0.651582838889202,0.035480658571428556,0.47344673285714295,0.47344673285714295
