admin1,cultivar,nitro,month,r,p,me,mae,rmse
Kisii,KY0016,3.2271905393799662,3,-0.5519017978430873,0.19897586236137493,0.400519572857143,0.4412338585714286,0.4412338585714286
Kisii,KY0016,3.2271905393799662,4,-0.5372590404839599,0.21364131551337956,0.4092338585714287,0.49137671571428576,0.49137671571428576
Kisii,KY0016,3.2271905393799662,5,0.23759638315287268,0.6079319253539887,0.5015910014285715,0.5015910014285715,0.5015910014285715
