admin1,cultivar,nitro,month,r,p,me,mae,rmse
Kisii,IF0008,2.384170207715584,3,-0.3289411029882912,0.4712869407053159,-0.3401947128571427,0.39719471285714275,0.39719471285714275
Kisii,IF0008,2.384170207715584,4,-0.06711529310177342,0.8863179819726975,0.07773385857142874,0.2355995957142858,0.2355995957142858
Kisii,IF0008,2.384170207715584,5,0.4119413522953915,0.3584610441770802,0.12901957285714297,0.23130528714285728,0.23130528714285728
