admin1,cultivar,nitro,month,r,p,me,mae,rmse
Kisii,IF0002,4.445538876155819,3,-0.30529774547523697,0.5055229320778926,-0.3569089985714285,0.39233756999999997,0.39233756999999997
Kisii,IF0002,4.445538876155819,4,0.17111767524317884,0.7137359453316423,-0.06148042714285703,0.23086346142857134,0.23086346142857134
Kisii,IF0002,4.445538876155819,5,-0.18872523817118894,0.6852851694445977,-0.15483756999999992,0.28193488999999994,0.28193488999999994
