admin1,cultivar,nitro,month,r,p,me,mae,rmse
Kisii,IF0001,14.266085814590355,3,-0.6333447709663637,0.12676338731675554,0.1118052871428572,0.2919481442857143,0.2919481442857143
Kisii,IF0001,14.266085814590355,4,0.283586651999282,0.5376912301733643,0.22359100142857158,0.2738767157142858,0.2738767157142858
Kisii,IF0001,14.266085814590355,5,0.039993863463118104,0.932158595514146,0.11337671571428583,0.2623767157142858,0.2623767157142858
