admin1,cultivar,nitro,month,r,p,me,mae,rmse
Kisii,KY0015,19.700655684048797,3,-0.5151594677590463,0.2367093765870711,-0.08019471285714275,0.36229203285714284,0.36229203285714284
Kisii,KY0015,19.700655684048797,4,-0.2702840151602134,0.5577265424508,0.09059100142857154,0.2764567385714286,0.2764567385714286
Kisii,KY0015,19.700655684048797,5,0.5362516779508587,0.21466852095958638,0.18123385857142862,0.21109100142857143,0.21109100142857143
