admin1,cultivar,nitro,month,r,p,me,mae,rmse
Kisii,IF0004,7.01737815551903,3,-0.4023017325529982,0.37093056704235283,-0.3381947128571428,0.38090899857142846,0.38090899857142846
Kisii,IF0004,7.01737815551903,4,0.23610089222384267,0.6102601419235535,-0.05976614142857135,0.22686346142857142,0.22686346142857142
Kisii,IF0004,7.01737815551903,5,-0.04056785314164752,0.9311865310503012,-0.156480427142857,0.28343488999999994,0.28343488999999994
