admin1,cultivar,nitro,month,r,p,me,mae,rmse
Kisii,EM0001,197.17344529510808,3,-0.3775802965300953,0.40369802397271654,1.81466243,1.81466243,1.81466243
Kisii,EM0001,197.17344529510808,4,0.5227599206858093,0.2286504501003134,1.6852338585714288,1.6852338585714288,1.6852338585714288
Kisii,EM0001,197.17344529510808,5,0.28476822905997895,0.5359233352151068,1.5840195728571427,1.5840195728571427,1.5840195728571427
