admin1,cultivar,nitro,month,r,p,me,mae,rmse
Makueni,KY0003,3.2271905393799662,3,0.18246522723665873,0.6953681040320402,0.020711148571428552,0.24402645142857143,0.24402645142857143
Makueni,KY0003,3.2271905393799662,4,-0.14464892436132956,0.7569972784400889,0.07156829142857145,0.1890264514285714,0.1890264514285714
Makueni,KY0003,3.2271905393799662,5,-0.4332838316332006,0.3314897924925066,-0.0030745657142857152,0.18809788,0.18809788
