admin1,cultivar,nitro,month,r,p,me,mae,rmse
Makueni,IF0005,3.2271905393799662,3,0.15369280118483805,0.7421536697738366,0.2582825771428572,0.3968540057142857,0.3968540057142857
Makueni,IF0005,3.2271905393799662,4,0.027235179293047584,0.9537812695594621,0.46299686285714287,0.46299686285714287,0.46299686285714287
Makueni,IF0005,3.2271905393799662,5,-0.22672918243211931,0.6249091236748279,0.32592543428571424,0.3290682914285714,0.3290682914285714
