admin1,cultivar,nitro,month,r,p,me,mae,rmse
Makueni,KY0010,3.2271905393799662,3,0.1582692638592107,0.7346662528682179,0.07413972,0.2572134142857143,0.2572134142857143
Makueni,KY0010,3.2271905393799662,4,0.08524515929266699,0.8558085583166496,0.14413971999999994,0.2053562714285714,0.2053562714285714
Makueni,KY0010,3.2271905393799662,5,-0.35373959347827477,0.4363293598952745,0.06249686285714286,0.2038562714285714,0.2038562714285714
