admin1,cultivar,nitro,month,r,p,me,mae,rmse
Makueni,IF0004,3.2271905393799662,3,0.17593337450257862,0.7059270440394582,0.26113971999999996,0.3974254342857143,0.3974254342857143
Makueni,IF0004,3.2271905393799662,4,0.027208329843657175,0.9538267999448409,0.47028257714285715,0.47028257714285715,0.47028257714285715
Makueni,IF0004,3.2271905393799662,5,-0.22847383958782924,0.6221744404203526,0.3659254342857143,0.3659254342857143,0.3659254342857143
