admin1,cultivar,nitro,month,r,p,me,mae,rmse
Makueni,IF0002,2.664273754642158,3,0.18497121605677486,0.6913273697118851,0.2597825771428572,0.3989254342857143,0.3989254342857143
Makueni,IF0002,2.664273754642158,4,0.0888213829702168,0.8498062331791107,0.5222111485714286,0.5222111485714286,0.5222111485714286
Makueni,IF0002,2.664273754642158,5,-0.29371369298255434,0.5226024788361792,0.4224254342857142,0.4224254342857142,0.4224254342857142
