admin1,cultivar,nitro,month,r,p,me,mae,rmse
Makueni,KY0007,197.21972751809355,3,0.23118072430058506,0.6179383365717891,2.3194254342857143,2.450568291428571,2.450568291428571
Makueni,KY0007,197.21972751809355,4,0.58166625584679,0.1707218641348319,2.0398540057142855,2.0398540057142855,2.0398540057142855
Makueni,KY0007,197.21972751809355,5,0.011375220565803895,0.9806900751606962,1.6484254342857143,1.6484254342857143,1.6484254342857143
