admin1,cultivar,nitro,month,r,p,me,mae,rmse
Makueni,IF0019,3.2271905393799662,3,0.14098933793215493,0.7630208641502912,0.25285400571428573,0.38399686285714285,0.38399686285714285
Makueni,IF0019,3.2271905393799662,4,-0.10789777534894193,0.8178914262952891,0.5357825771428572,0.5357825771428572,0.5357825771428572
Makueni,IF0019,3.2271905393799662,5,-0.28151613698209454,0.5407938271754485,0.44899686285714285,0.44899686285714285,0.44899686285714285
