admin1,cultivar,nitro,month,r,p,me,mae,rmse
Makueni,IF0003,3.0108738938378545,3,0.11216207306263265,0.8107832118385636,0.32813971999999997,0.45928257714285714,0.45928257714285714
Makueni,IF0003,3.0108738938378545,4,0.10043768892557842,0.8303504015293558,0.4908540057142857,0.4908540057142857,0.4908540057142857
Makueni,IF0003,3.0108738938378545,5,-0.3293741838446684,0.47066790844065864,0.3537111485714286,0.3537111485714286,0.3537111485714286
