admin1,cultivar,nitro,month,r,p,me,mae,rmse
Makueni,IF0007,3.0876563487789266,3,0.1782213070560597,0.702224179545412,0.40263972,0.5337825771428572,0.5337825771428572
Makueni,IF0007,3.0876563487789266,4,0.12831160830618046,0.7839601616416421,0.46035400571428575,0.46035400571428575,0.46035400571428575
Makueni,IF0007,3.0876563487789266,5,-0.563234117067903,0.18797054761322607,0.2642111485714285,0.3091419857142857,0.3091419857142857
