admin1,cultivar,nitro,month,r,p,me,mae,rmse
Makueni,IF0006,3.2271905393799662,3,0.17188886784899782,0.712484064080479,0.34699686285714293,0.4781397200000001,0.4781397200000001
Makueni,IF0006,3.2271905393799662,4,0.14467691822831083,0.7569512385666625,0.4059968628571429,0.4059968628571429,0.4059968628571429
Makueni,IF0006,3.2271905393799662,5,-0.5754049216426363,0.1764900212321723,0.24763972,0.2999991285714286,0.2999991285714286
