admin1,cultivar,nitro,month,r,p,me,mae,rmse
Makueni,IB0067,1.8798402115741017,3,0.14416047820901814,0.7578006890621837,0.13571114857142857,0.2987111485714285,0.2987111485714285
Makueni,IB0067,1.8798402115741017,4,0.17860105126225767,0.7016100399951285,0.27228257714285714,0.27713972,0.27713972
Makueni,IB0067,1.8798402115741017,5,-0.41469249311552514,0.35493468972592707,0.17149686285714288,0.25899912857142854,0.25899912857142854
