admin1,cultivar,nitro,month,r,p,me,mae,rmse
Makueni,IM0001,2.660129780459643,3,0.15877327487587556,0.7338426656409199,0.07506829142857144,0.2689991285714286,0.2689991285714286
Makueni,IM0001,2.660129780459643,4,0.20020885823159212,0.6668856386303819,0.20249686285714288,0.2379991285714286,0.2379991285714286
Makueni,IM0001,2.660129780459643,5,-0.381203390996251,0.398826268076812,0.12063972,0.23099912857142857,0.23099912857142857
