admin1,cultivar,nitro,month,r,p,me,mae,rmse
Makueni,KY0014,2.675573911720456,3,0.05583981047108619,0.9053511162786073,0.31913972,0.4502825771428572,0.4502825771428572
Makueni,KY0014,2.675573911720456,4,0.10951735322219036,0.8151905394190937,0.5092111485714285,0.5092111485714285,0.5092111485714285
Makueni,KY0014,2.675573911720456,5,-0.27422326209456216,0.5517686612330939,0.4095682914285714,0.4095682914285714,0.4095682914285714
