admin1,cultivar,nitro,month,r,p,me,mae,rmse
Meru,KY0010,135.06688875689184,3,0.2649861846833658,0.5657715798000853,0.40568518428571426,0.6954428014285714,0.6954428014285714
Meru,KY0010,135.06688875689184,4,0.28413168520639875,0.5368755018592066,-0.06160053,0.20125372714285722,0.20125372714285722
Meru,KY0010,135.06688875689184,5,0.655667893106765,0.10982424060195708,-0.20274338714285717,0.24017195857142856,0.24017195857142856
