admin1,cultivar,nitro,month,r,p,me,mae,rmse
Meru,IF0006,22.074012224995492,3,0.281025304968684,0.5415301886891253,0.08582804142857144,0.4647285157142857,0.4647285157142857
Meru,IF0006,22.074012224995492,4,0.3007680293259787,0.5121782718953152,-0.029243387142857107,0.20561087000000006,0.20561087000000006
Meru,IF0006,22.074012224995492,5,0.438534949503708,0.32499129334759674,-0.2806719585714285,0.3252433871428571,0.3252433871428571
