admin1,cultivar,nitro,month,r,p,me,mae,rmse
Meru,KY0012,25.524090914383667,3,0.3384310917269694,0.4577908344626698,0.08625661285714288,0.4331570871428571,0.4331570871428571
Meru,KY0012,25.524090914383667,4,0.2913225373856214,0.5261521189950981,-0.04395767285714288,0.20561087000000003,0.20561087000000003
Meru,KY0012,25.524090914383667,5,0.41437374250798065,0.35534251398076316,-0.21474338714285718,0.26402910142857144,0.26402910142857144
