admin1,cultivar,nitro,month,r,p,me,mae,rmse
Meru,KY0002,197.014148918651,3,0.3394867002274302,0.4562985719136976,0.21989946999999996,0.59751423,0.59751423
Meru,KY0002,197.014148918651,4,0.3090195535006049,0.5000773384391337,-0.06017195857142859,0.20168229857142858,0.20168229857142858
Meru,KY0002,197.014148918651,5,0.6993140097917877,0.08034144185033561,-0.23145767285714283,0.2663148157142857,0.2663148157142857
