admin1,cultivar,nitro,month,r,p,me,mae,rmse
Meru,KY0018,181.96601125010514,3,0.3934662129603987,0.3825131076385876,1.0907566128571429,1.3736137557142858,1.3736137557142858
Meru,KY0018,181.96601125010514,4,-0.1370019326549134,0.7695948609915358,1.319756612857143,1.319756612857143,1.319756612857143
Meru,KY0018,181.96601125010514,5,0.33475383436900863,0.4630032769049263,0.8686137557142857,0.9483280414285715,0.9483280414285715
