admin1,cultivar,nitro,month,r,p,me,mae,rmse
Meru,KY0008,151.1197355671868,3,0.38761696315630867,0.390260210353033,1.7933994700000002,2.076256612857143,2.076256612857143
Meru,KY0008,151.1197355671868,4,-0.25667111800483366,0.5784718408807867,1.3463280414285717,1.3463280414285717,1.3463280414285717
Meru,KY0008,151.1197355671868,5,0.5257326417548879,0.2255340112530082,0.84439947,0.9266851842857141,0.9266851842857141
