admin1,cultivar,nitro,month,r,p,me,mae,rmse
Meru,KY0006,161.09828046240762,3,0.3962878023327249,0.37879851148813465,0.3765423271428571,0.6768713728571428,0.6768713728571428
Meru,KY0006,161.09828046240762,4,-0.28162540437647493,0.5406299459050082,0.5973994699999999,0.6144428014285713,0.6144428014285713
Meru,KY0006,161.09828046240762,5,0.3136487553577372,0.49333304123707267,0.2483280414285714,0.40932804142857143,0.40932804142857143
