admin1,cultivar,nitro,month,r,p,me,mae,rmse
Meru,IF0011,1.8883705173754475,3,0.30049871254746785,0.5125749168732232,-0.16231481571428572,0.4628713728571428,0.4628713728571428
Meru,IF0011,1.8883705173754475,4,-0.37836498956781817,0.4026409053011683,0.05004232714285718,0.27903944142857146,0.27903944142857146
Meru,IF0011,1.8883705173754475,5,0.23663001245058815,0.6094360951797532,-0.21924338714285718,0.2665291014285714,0.2665291014285714
