admin1,cultivar,nitro,month,r,p,me,mae,rmse
Meru,IF0001,6.107310388278254,3,0.3456271159137887,0.4476542501918745,-0.23102910142857144,0.4037285157142857,0.4037285157142857
Meru,IF0001,6.107310388278254,4,-0.4581551166946416,0.3012042022946221,-0.11631481571428577,0.32511087,0.32511087
Meru,IF0001,6.107310388278254,5,0.43296969817003816,0.3318802905619698,-0.3232433871428571,0.3445291014285714,0.3445291014285714
