admin1,cultivar,nitro,month,r,p,me,mae,rmse
Meru,KY0001,197.40942231955924,3,0.2548698137709776,0.5812347175425215,0.33311375571428575,0.6807285157142857,0.6807285157142857
Meru,KY0001,197.40942231955924,4,0.3407743119554862,0.4544807915514639,-0.12624338714285713,0.21275372714285717,0.21275372714285717
Meru,KY0001,197.40942231955924,5,0.5500672651760673,0.20078585709153085,-0.2818148157142857,0.2858148157142857,0.2858148157142857
