admin1,cultivar,nitro,month,r,p,me,mae,rmse
Meru,KY0015,193.446982839176,3,0.469293870730829,0.28805346227589734,0.6504708985714286,0.9563713728571429,0.9563713728571429
Meru,KY0015,193.446982839176,4,-0.18416550432199147,0.6926258938875636,0.31939946999999996,0.40711375571428565,0.40711375571428565
Meru,KY0015,193.446982839176,5,0.4100778764280105,0.3608578326940938,-0.01631481571428574,0.22221039571428566,0.22221039571428566
