admin1,cultivar,nitro,month,r,p,me,mae,rmse
Meru,KY0014,8.555037518564323,3,0.41915448086315743,0.34924636846249,-0.16260052999999997,0.33244280142857147,0.33244280142857147
Meru,KY0014,8.555037518564323,4,0.28054866538102075,0.5422455749884376,-0.012100530000000062,0.19232515571428574,0.19232515571428574
Meru,KY0014,8.555037518564323,5,0.14319072361835003,0.7593962831192669,-0.15074338714285712,0.24760053,0.24760053
