admin1,cultivar,nitro,month,r,p,me,mae,rmse
Meru,IF0019,8.555037518564323,3,0.3849849604280522,0.3937665523758118,-0.2559576728571428,0.40522851571428575,0.40522851571428575
Meru,IF0019,8.555037518564323,4,-0.4301331740004938,0.33541523120502104,-0.06002910142857138,0.3126822985714286,0.3126822985714286
Meru,IF0019,8.555037518564323,5,0.09341971019146028,0.8420969125253356,-0.20488624428571428,0.29917195857142864,0.29917195857142864
