admin1,cultivar,nitro,month,r,p,me,mae,rmse
Meru,KY0004,185.47378996280116,3,0.397947749370404,0.3766200936304894,0.5056851842857143,0.8071570871428572,0.8071570871428572
Meru,KY0004,185.47378996280116,4,-0.18094421783138454,0.6978234299785917,0.48411375571428567,0.48411375571428567,0.48411375571428567
Meru,KY0004,185.47378996280116,5,0.4311598196119549,0.3341339606213303,0.15932804142857143,0.25361375571428574,0.25361375571428574
