admin1,cultivar,nitro,month,r,p,me,mae,rmse
Migori,KY0011,2.4659272627856823,3,-0.570998808034364,0.18060544151019528,0.14825742285714286,0.5493620114285714,0.5493620114285714
Migori,KY0011,2.4659272627856823,4,0.09988336150839479,0.8312773313340592,0.0019717085714286192,0.4933574828571428,0.4933574828571428
Migori,KY0011,2.4659272627856823,5,-0.056949582140144145,0.903476090253127,-0.20417114857142854,0.5486431971428571,0.5486431971428571
