admin1,cultivar,nitro,month,r,p,me,mae,rmse
Migori,IM0003,25.98352392125412,3,0.09017665413490639,0.8475330426070045,-0.005742577142857102,0.4990717685714286,0.4990717685714286
Migori,IM0003,25.98352392125412,4,0.42131178217589743,0.34650997230624925,0.04454313714285717,0.44193343999999996,0.44193343999999996
Migori,IM0003,25.98352392125412,5,0.1970392537277061,0.6719512553043759,-0.16045686285714278,0.4940717685714285,0.4940717685714285
