admin1,cultivar,nitro,month,r,p,me,mae,rmse
Migori,IF0010,3.5197107589022893,3,-0.6212784893168231,0.1364382005641144,-0.33459972,0.5813574828571427,0.5813574828571427
Migori,IF0010,3.5197107589022893,4,0.6913775152729075,0.0853426555889832,-0.06874257714285716,0.4672146257142856,0.4672146257142856
Migori,IF0010,3.5197107589022893,5,0.011361156028995872,0.9807139472315181,-0.22288543428571428,0.5296431971428571,0.5296431971428571
