admin1,cultivar,nitro,month,r,p,me,mae,rmse
Migori,IF0008,3.2271905393799662,3,-0.5582008369679219,0.19282121165820873,-0.18645686285714286,0.5360717685714285,0.5360717685714285
Migori,IF0008,3.2271905393799662,4,-0.3248041256614647,0.4772151129803343,0.10968599428571434,0.5127905828571429,0.5127905828571429
Migori,IF0008,3.2271905393799662,5,0.3076627881289904,0.5020601110302338,0.05225742285714292,0.4579289114285715,0.4579289114285715
