admin1,cultivar,nitro,month,r,p,me,mae,rmse
Migori,KY0001,40.365023312936565,3,0.6084604816505682,0.1471110847337714,0.11397170857142859,0.4447905828571428,0.4447905828571428
Migori,KY0001,40.365023312936565,4,0.5466669480781081,0.20416150401575542,0.02511456571428572,0.4070762971428571,0.4070762971428571
Migori,KY0001,40.365023312936565,5,-0.14489815775963727,0.7565873989770951,-0.16174257714285709,0.5756431971428572,0.5756431971428572
