admin1,cultivar,nitro,month,r,p,me,mae,rmse
Migori,IF0006,10.33579994260791,3,-0.46411721544237416,0.2941328769038834,0.025543137142857164,0.5237905828571429,0.5237905828571429
Migori,IF0006,10.33579994260791,4,0.2573143421699843,0.5774862426201185,-0.021171148571428544,0.47335748285714285,0.47335748285714285
Migori,IF0006,10.33579994260791,5,0.029799718173751127,0.949432886563821,-0.3097425771428571,0.5499289114285714,0.5499289114285714
