admin1,cultivar,nitro,month,r,p,me,mae,rmse
Nakuru,KY0012,58.74477997778281,3,-0.2577182280832104,0.5768676448098623,0.026914151428571502,1.0810785142857144,1.0810785142857144
Nakuru,KY0012,58.74477997778281,4,0.580863984808629,0.1714556776195166,-0.26637156285714286,0.5175638857142857,0.5175638857142857
Nakuru,KY0012,58.74477997778281,5,0.18082094375195615,0.6980225202045524,-0.09380013428571424,0.5761082542857142,0.5761082542857142
