admin1,cultivar,nitro,month,r,p,me,mae,rmse
Nakuru,KY0009,40.32522475023133,3,-0.3778772384582666,0.4032978622435185,-0.34415727714285715,1.059514862857143,1.059514862857143
Nakuru,KY0009,40.32522475023133,4,0.36642650343083005,0.41884177915376725,-0.3135858485714286,0.7034132514285714,0.7034132514285714
Nakuru,KY0009,40.32522475023133,5,0.11248903101064482,0.8102386224216662,-0.0721572771428571,0.49822914857142864,0.49822914857142864
