admin1,cultivar,nitro,month,r,p,me,mae,rmse
Nakuru,IB0067,83.19131733166704,3,-0.15226625127567472,0.7444909402355744,0.2682712942857143,1.1585785142857143,1.1585785142857143
Nakuru,IB0067,83.19131733166704,4,0.4770861515626466,0.27900906606963116,-0.17301441999999995,0.5871852371428571,0.5871852371428571
Nakuru,IB0067,83.19131733166704,5,-0.07948631202432632,0.8654857223184297,-0.0022287057142857314,0.6157291485714287,0.6157291485714287
