admin1,cultivar,nitro,month,r,p,me,mae,rmse
Nakuru,KY0006,189.7909013848584,3,-0.18087475367177497,0.6979356143612183,0.07512843714285714,0.9684141514285713,0.9684141514285713
Nakuru,KY0006,189.7909013848584,4,0.41162750352595573,0.358864249853528,0.01555700857142853,0.6941060314285714,0.6941060314285714
Nakuru,KY0006,189.7909013848584,5,-0.3411918625908003,0.4538918966613842,0.4836284371428571,0.6341998657142857,0.6341998657142857
