admin1,cultivar,nitro,month,r,p,me,mae,rmse
Nakuru,IF0009,8.356987798773865,3,-0.18515722465753165,0.6910276745120285,-0.31065727714285707,0.8943642285714287,0.8943642285714287
Nakuru,IF0009,8.356987798773865,4,0.3025503441848313,0.5095559851453397,-0.27158584857142853,0.7562703942857142,0.7562703942857142
Nakuru,IF0009,8.356987798773865,5,-0.5239904062997741,0.22735803913104027,0.034414151428571405,0.6182291485714286,0.6182291485714286
