admin1,cultivar,nitro,month,r,p,me,mae,rmse
Nakuru,EM0001,14.478951688854703,3,-0.2830243187554988,0.538533281944411,-0.07408584857142861,1.0975070857142857,1.0975070857142857
Nakuru,EM0001,14.478951688854703,4,0.18958536036447113,0.6839026432892453,-0.02801442,0.9134132514285715,0.9134132514285715
Nakuru,EM0001,14.478951688854703,5,-0.23989444459037831,0.6043593764931321,0.37498558,0.6146998657142857,0.6146998657142857
