admin1,cultivar,nitro,month,r,p,me,mae,rmse
Nandi,KY0004,32.51294097372411,3,0.5474993211265946,0.20333267480024317,-0.3563544928571429,0.569299747142857,0.569299747142857
Nandi,KY0004,32.51294097372411,4,-0.8204394570873683,0.023761456944837465,-0.008854492857142888,0.33919085571428564,0.33919085571428564
Nandi,KY0004,32.51294097372411,5,-0.6756834671072607,0.09570385514861252,0.14243122142857143,0.34633371285714276,0.34633371285714276
