admin1,cultivar,nitro,month,r,p,me,mae,rmse
Nandi,KY0017,168.18926975065193,3,0.46370860157529403,0.29461514422351237,0.27000264999999996,0.9471829700000001,0.9471829700000001
Nandi,KY0017,168.18926975065193,4,-0.13883213141245385,0.7665760465160537,0.35200265000000003,0.42061942714285705,0.42061942714285705
Nandi,KY0017,168.18926975065193,5,-0.6803168374650825,0.09257981186349648,0.2975026499999999,0.3969765699999999,0.3969765699999999
