admin1,cultivar,nitro,month,r,p,me,mae,rmse
Nandi,KY0001,64.48427822821522,3,0.4089725092695267,0.3622826745750903,-0.4752830642857143,0.6999426042857142,0.6999426042857142
Nandi,KY0001,64.48427822821522,4,-0.5871846293218862,0.16571645162761145,-0.025068778571428623,0.3070313157142857,0.3070313157142857
Nandi,KY0001,64.48427822821522,5,-0.2759840870430511,0.5491122398690677,0.270645507142857,0.38035979285714266,0.38035979285714266
