admin1,cultivar,nitro,month,r,p,me,mae,rmse
Nandi,IF0019,19.700655684048797,3,0.6471302111934962,0.11615503064079649,-0.3809259214285715,0.5187283185714285,0.5187283185714285
Nandi,IF0019,19.700655684048797,4,-0.8337856804257173,0.019738586721993495,-0.015711635714285688,0.40033371285714286,0.40033371285714286
Nandi,IF0019,19.700655684048797,5,-0.5057217922474758,0.24689700747455492,0.04414550714285711,0.3173337128571428,0.3173337128571428
