admin1,cultivar,nitro,month,r,p,me,mae,rmse
Nandi,KY0011,27.512939650592912,3,0.5782053571089216,0.17389851819579888,-0.45021163571428574,0.5152116357142857,0.5152116357142857
Nandi,KY0011,27.512939650592912,4,-0.25670117790908886,0.5784257690967808,0.05607407857142859,0.2532622842857141,0.2532622842857141
Nandi,KY0011,27.512939650592912,5,-0.39428420230851746,0.3814347188073821,0.04264550714285699,0.2668337128571428,0.2668337128571428
