admin1,cultivar,nitro,month,r,p,me,mae,rmse
Nandi,IF0022,24.838835171717207,3,0.6215284053238929,0.1362341468295841,-0.3965687785714285,0.45779974714285704,0.45779974714285704
Nandi,IF0022,24.838835171717207,4,-0.828535780818081,0.021270752379478904,-0.04764020714285712,0.33883371285714275,0.33883371285714275
Nandi,IF0022,24.838835171717207,5,-0.1048646769668445,0.8229534068931191,-0.1535687785714286,0.23338845857142854,0.23338845857142854
