admin1,cultivar,nitro,month,r,p,me,mae,rmse
Nandi,KY0005,37.84994981174413,3,0.5310909090246688,0.21996757943417994,-0.4199259214285714,0.5747283185714285,0.5747283185714285
Nandi,KY0005,37.84994981174413,4,-0.9015012479340023,0.005542690028548284,-0.001997350000000025,0.2911908557142856,0.2911908557142856
Nandi,KY0005,37.84994981174413,5,0.04083879957139244,0.9307277007334804,0.1549312214285714,0.27178836428571423,0.27178836428571423
