admin1,cultivar,nitro,month,r,p,me,mae,rmse
Nandi,IM0001,64.73303519343038,3,0.6466972145483455,0.11648098810234149,-0.16556877857142865,0.5224686842857141,0.5224686842857141
Nandi,IM0001,64.73303519343038,4,-0.7084458121915961,0.0747854003680616,-0.030997350000000003,0.3363337128571428,0.3363337128571428
Nandi,IM0001,64.73303519343038,5,-0.5884618065692917,0.16456848708775582,0.07464550714285702,0.30069085571428555,0.30069085571428555
