admin1,cultivar,nitro,month,r,p,me,mae,rmse
Nandi,KY0014,26.47308523381053,3,0.6168690231653516,0.14006393099631514,-0.46364020714285725,0.5163544928571427,0.5163544928571427
Nandi,KY0014,26.47308523381053,4,-0.6836928852801728,0.09033784657423323,-0.08428306428571439,0.3431908557142857,0.3431908557142857
Nandi,KY0014,26.47308523381053,5,-0.36972713797530216,0.41433768070220606,-0.11671163571428574,0.25467417285714283,0.25467417285714283
