admin1,cultivar,nitro,month,r,p,me,mae,rmse
Nandi,KY0009,48.88026286691539,3,0.5444730561418052,0.20635379087779773,-0.34414020714285726,0.5809426042857141,0.5809426042857141
Nandi,KY0009,48.88026286691539,4,-0.5269054494867036,0.22431003643777483,0.12735979285714288,0.3875479985714286,0.3875479985714286
Nandi,KY0009,48.88026286691539,5,0.3954822589543187,0.3798575009150733,0.12157407857142852,0.2703337128571427,0.2703337128571427
