admin1,cultivar,nitro,month,r,p,me,mae,rmse
Nandi,KY0010,54.16537173412297,3,0.4512066362044444,0.30953840273225125,-0.5353544928571429,0.6860140328571428,0.6860140328571428
Nandi,KY0010,54.16537173412297,4,-0.7636484654885588,0.04571126071465767,-0.07171163571428574,0.31633371285714273,0.31633371285714273
Nandi,KY0010,54.16537173412297,5,-0.39934093624184874,0.3747957099956906,0.12335979285714276,0.3035479985714285,0.3035479985714285
