admin1,cultivar,nitro,month,r,p,me,mae,rmse
Nandi,GH0010,50.4899114589806,3,0.6491808892941454,0.1146176918234631,-0.25021163571428573,0.46082582714285714,0.46082582714285714
Nandi,GH0010,50.4899114589806,4,-0.7837014229113953,0.03705233514565457,-0.07114020714285722,0.3319051414285714,0.3319051414285714
Nandi,GH0010,50.4899114589806,5,-0.11607528039797864,0.804269307391556,-0.08056877857142856,0.21647656999999995,0.21647656999999995
