admin1,cultivar,nitro,month,r,p,me,mae,rmse
Nandi,KY0013,120.81645473768363,3,0.4620987945053938,0.2965185194186841,-0.5779973500000001,0.7165687785714285,0.7165687785714285
Nandi,KY0013,120.81645473768363,4,-0.5084119236171367,0.2439728362085599,0.04728836428571416,0.37333371285714284,0.37333371285714284
Nandi,KY0013,120.81645473768363,5,-0.4691487473520465,0.2882231253304892,0.4499312214285713,0.556119427142857,0.556119427142857
