admin1,cultivar,nitro,month,r,p,me,mae,rmse
Nandi,KY0007,12.483050155016581,3,0.62869706525573,0.13044704048105624,-0.5678544928571428,0.61399735,0.61399735
Nandi,KY0007,12.483050155016581,4,-0.6895243313387613,0.08653352864682484,-0.11556877857142858,0.3524765699999998,0.3524765699999998
Nandi,KY0007,12.483050155016581,5,-0.6070429767080395,0.14831624110220035,-0.23321163571428574,0.3392622842857142,0.3392622842857142
