admin1,cultivar,nitro,month,r,p,me,mae,rmse
Nandi,IF0009,15.785002311653129,3,0.5943343972630414,0.15934096254513813,-0.25814020714285724,0.5529426042857142,0.5529426042857142
Nandi,IF0009,15.785002311653129,4,-0.7994592386881179,0.030948091760629858,0.10250264999999999,0.3644051414285713,0.3644051414285713
Nandi,IF0009,15.785002311653129,5,-0.3190322862321907,0.48553066938062267,0.19771693571428564,0.3220479985714285,0.3220479985714285
