admin1,cultivar,nitro,month,r,p,me,mae,rmse
Nandi,KY0012,38.9197197491191,3,0.5114013307544542,0.24074228314563453,-0.36421163571428583,0.5748711757142857,0.5748711757142857
Nandi,KY0012,38.9197197491191,4,-0.8561446056837357,0.013930032337076318,0.022574078571428506,0.2773337128571427,0.2773337128571427
Nandi,KY0012,38.9197197491191,5,0.3197953407585542,0.4844283672874405,0.19193122142857133,0.2945026499999999,0.2945026499999999
