admin1,cultivar,nitro,month,r,p,me,mae,rmse
Narok,KY0009,197.40942231955924,3,-0.30152043619805113,0.5110707021850601,0.6705500757142858,0.7198007242857142,0.7198007242857142
Narok,KY0009,197.40942231955924,4,0.6441616262520878,0.11839921667638238,-0.05994992428571418,0.5526471385714286,0.5526471385714286
Narok,KY0009,197.40942231955924,5,-0.46173721584681465,0.2969467807378275,-0.058664209999999946,0.44231779571428553,0.44231779571428553
