admin1,cultivar,nitro,month,r,p,me,mae,rmse
Narok,IB0067,76.39320225002102,3,-0.14031710927772248,0.7641283775209291,0.8003357900000001,0.8891578671428572,0.8891578671428572
Narok,IB0067,76.39320225002102,4,0.6622917758614011,0.10503912686159388,-0.23416420999999993,0.5082899957142857,0.5082899957142857
Narok,IB0067,76.39320225002102,5,-0.5829825106323531,0.16952128521454055,-0.17359278142857137,0.6459606528571428,0.6459606528571428
