admin1,cultivar,nitro,month,r,p,me,mae,rmse
Narok,IF0002,21.165901845272273,3,-0.20851339722220535,0.6536614288141337,0.3784786471428572,0.6017292957142856,0.6017292957142856
Narok,IF0002,21.165901845272273,4,0.6239261745787582,0.13428426876792532,-0.2749499242857142,0.5556471385714286,0.5556471385714286
Narok,IF0002,21.165901845272273,5,-0.6148507179076396,0.14173955135768354,-0.1132356385714285,0.5121749385714285,0.5121749385714285
