admin1,cultivar,nitro,month,r,p,me,mae,rmse
Narok,KY0002,169.58480251767338,3,-0.5431617972168353,0.20766943727289028,0.7295500757142859,1.0013721528571427,1.0013721528571427
Narok,KY0002,169.58480251767338,4,0.5435993670576891,0.20722995907036623,-0.4114499242857142,0.5177129585714285,0.5177129585714285
Narok,KY0002,169.58480251767338,5,-0.03781832972214338,0.9358435115573677,-0.31609278142857133,0.5633177957142858,0.5633177957142858
