admin1,cultivar,nitro,month,r,p,me,mae,rmse
Narok,KY0010,159.0368067426797,3,-0.5254928067074246,0.22578469576392457,0.9509786471428571,1.1536578671428568,1.1536578671428568
Narok,KY0010,159.0368067426797,4,0.5624884431531681,0.1886853851408562,-0.3336642099999999,0.5210701014285714,0.5210701014285714
Narok,KY0010,159.0368067426797,5,0.018399743354554143,0.9687689128081103,-0.14959278142857133,0.60942429,0.60942429
