admin1,cultivar,nitro,month,r,p,me,mae,rmse
Narok,IF0009,8.73040301665259,3,-0.2661721120104173,0.5639674892971913,0.014764361428571515,0.5145864385714284,0.5145864385714284
Narok,IF0009,8.73040301665259,4,0.5977960623362909,0.15629884310831837,-0.2653070671428571,0.5714328528571427,0.5714328528571427
Narok,IF0009,8.73040301665259,5,-0.6573495301458524,0.10859893270942758,-2.1352857142759823e-05,0.4665150099999999,0.4665150099999999
