admin1,cultivar,nitro,month,r,p,me,mae,rmse
Narok,KY0011,56.352344256047225,3,-0.5604844091048846,0.19061306833450564,0.7471929328571429,0.865157867142857,0.865157867142857
Narok,KY0011,56.352344256047225,4,0.6844966838313784,0.08980832817319412,-0.22587849571428562,0.43828999571428573,0.43828999571428573
Narok,KY0011,56.352344256047225,5,-0.08956518043945948,0.8485585615765967,-0.020521352857142787,0.5228892242857143,0.5228892242857143
