admin1,cultivar,nitro,month,r,p,me,mae,rmse
Narok,KY0007,8.555037518564323,3,-0.6456857629394953,0.11724423821995923,-0.03537849571428563,0.6438721528571427,0.6438721528571427
Narok,KY0007,8.555037518564323,4,0.5306156179741334,0.22045868163196417,-0.33330706714285707,0.5832899957142856,0.5832899957142856
Narok,KY0007,8.555037518564323,5,-0.5499182852222052,0.20093319022653916,-0.276807067142857,0.5963177957142856,0.5963177957142856
