admin1,cultivar,nitro,month,r,p,me,mae,rmse
Nyamira,IF0002,3.189382281517342,3,-0.5742715955294351,0.17754413843064312,0.35324847285714284,0.4022242985714285,0.4022242985714285
Nyamira,IF0002,3.189382281517342,4,-0.34968612446548614,0.4419742126428021,0.5486056157142858,0.5488671557142857,0.5488671557142857
Nyamira,IF0002,3.189382281517342,5,0.34276900143178546,0.4516701418057335,0.44539133000000003,0.44539133000000003,0.44539133000000003
