admin1,cultivar,nitro,month,r,p,me,mae,rmse
Nyamira,IF0008,7.70351427522825,3,-0.1722859172540184,0.7118397314402278,0.4922484728571428,0.4922484728571428,0.4922484728571428
Nyamira,IF0008,7.70351427522825,4,0.24078704805825224,0.6029734278199012,0.7863913299999999,0.7863913299999999,0.7863913299999999
Nyamira,IF0008,7.70351427522825,5,0.20984687111948822,0.6515445980494102,0.7966056157142857,0.7966056157142857,0.7966056157142857
