admin1,cultivar,nitro,month,r,p,me,mae,rmse
Nyamira,IF0018,3.174415485641566,3,-0.21466391071751964,0.6439133220555003,0.5173199014285713,0.5173199014285713,0.5173199014285713
Nyamira,IF0018,3.174415485641566,4,0.02217466805224872,0.9623643689377963,0.6535341871428572,0.6535341871428572,0.6535341871428572
Nyamira,IF0018,3.174415485641566,5,-0.11314299380084422,0.8091495482422877,0.7533913300000001,0.7533913300000001,0.7533913300000001
