admin1,cultivar,nitro,month,r,p,me,mae,rmse
Nyamira,IF0022,3.516307050855664,3,-0.6286371230400223,0.1304949007664952,0.24396275857142852,0.3510814414285714,0.3510814414285714
Nyamira,IF0022,3.516307050855664,4,-0.6638362230282319,0.10393934531033663,0.4243199014285714,0.47543858428571417,0.47543858428571417
Nyamira,IF0022,3.516307050855664,5,0.39135752542362234,0.3852987563620353,0.35467704428571434,0.3550814414285715,0.3550814414285715
