admin1,cultivar,nitro,month,r,p,me,mae,rmse
Nyamira,KY0015,8.555037518564323,3,-0.008689847149180273,0.9852482142897355,-0.02189438428571425,0.32203724142857143,0.32203724142857143
Nyamira,KY0015,8.555037518564323,4,-0.11879686612751825,0.7997442534380327,0.16253418714285714,0.32532295571428577,0.32532295571428577
Nyamira,KY0015,8.555037518564323,5,0.08665010518585571,0.8534498280039159,0.20403418714285712,0.2787242985714285,0.2787242985714285
