admin1,cultivar,nitro,month,r,p,me,mae,rmse
Nyamira,IF0001,3.1468810879461886,3,-0.6452763457736409,0.11755391839328398,0.36303418714285723,0.4157242985714286,0.4157242985714286
Nyamira,IF0001,3.1468810879461886,4,-0.44411860581957924,0.31814198990427084,0.5581056157142857,0.5590814414285714,0.5590814414285714
Nyamira,IF0001,3.1468810879461886,5,0.3545160407883126,0.4352512322736739,0.4596056157142857,0.4596056157142857,0.4596056157142857
