admin1,cultivar,nitro,month,r,p,me,mae,rmse
Nyamira,IF0019,3.2271905393799662,3,-0.4057369211190701,0.36646674662568735,0.02953418714285713,0.32889438428571427,0.32889438428571427
Nyamira,IF0019,3.2271905393799662,4,-0.07764862949084549,0.8685766258195192,0.4413913300000001,0.4413913300000001,0.4413913300000001
Nyamira,IF0019,3.2271905393799662,5,-0.11043666972251436,0.8136580881354263,0.49639132999999996,0.49639132999999996,0.49639132999999996
