admin1,cultivar,nitro,month,r,p,me,mae,rmse
Siaya,IF0007,3.4865218815705123,3,0.3705301921364149,0.41324469758637056,-0.21134448999999997,0.48232670428571417,0.48232670428571417
Siaya,IF0007,3.4865218815705123,4,0.550470992734378,0.20038685337438378,-0.07013020428571426,0.42554099,0.42554099
Siaya,IF0007,3.4865218815705123,5,-0.2180034579872274,0.6386372378631514,-0.1516302042857143,0.5008981328571429,0.5008981328571429
