admin1,cultivar,nitro,month,r,p,me,mae,rmse
Siaya,GH0010,18.622479263961427,3,0.07289018679550133,0.8765862334669589,-0.1609159185714286,0.4861838471428571,0.4861838471428571
Siaya,GH0010,18.622479263961427,4,-0.09660137113411461,0.83676853566776,-0.09191591857142856,0.45875527571428565,0.45875527571428565
Siaya,GH0010,18.622479263961427,5,0.03305166071429007,0.943920400815085,-0.10834448999999999,0.4631838471428571,0.4631838471428571
