admin1,cultivar,nitro,month,r,p,me,mae,rmse
Siaya,IF0011,8.3927110379202,3,-0.0662220025032783,0.8878243797030008,0.08436979571428574,0.37889813285714286,0.37889813285714286
Siaya,IF0011,8.3927110379202,4,0.2440689190852885,0.5978858331258239,0.3113697957142857,0.38928832428571425,0.38928832428571425
Siaya,IF0011,8.3927110379202,5,-0.12405824268615379,0.7910091120206867,0.25529836714285714,0.43135975285714284,0.43135975285714284
