admin1,cultivar,nitro,month,r,p,me,mae,rmse
Siaya,KY0016,3.2271905393799662,3,-0.25899681651368583,0.5749107048298354,0.2015126528571429,0.39757403857142853,0.39757403857142853
Siaya,KY0016,3.2271905393799662,4,0.11796829998496962,0.8011214053058576,0.37836979571428564,0.4505740385714286,0.4505740385714286
Siaya,KY0016,3.2271905393799662,5,-0.2587364614337848,0.5753090220097054,0.3682269385714285,0.4635740385714286,0.4635740385714286
