admin1,cultivar,nitro,month,r,p,me,mae,rmse
Siaya,IF0009,8.45744931798087,3,-0.42283557081950646,0.34458260127045687,-0.21213020428571422,0.5329695614285714,0.5329695614285714
Siaya,IF0009,8.45744931798087,4,0.6428162018944618,0.11942361254657237,-0.08077306142857141,0.41146956142857144,0.41146956142857144
Siaya,IF0009,8.45744931798087,5,-0.0447411715104446,0.9241210276586493,0.07629836714285719,0.3951124185714286,0.3951124185714286
