admin1,cultivar,nitro,month,r,p,me,mae,rmse
Siaya,KY0003,45.54692813300048,3,-0.08727277821838178,0.8524047137360234,0.0989412242857143,0.4383267042857143,0.4383267042857143
Siaya,KY0003,45.54692813300048,4,0.5525520821272282,0.1983361689739596,0.10551265285714291,0.3414695614285715,0.3414695614285715
Siaya,KY0003,45.54692813300048,5,0.15288738517804246,0.7434730770674571,0.15601265285714286,0.42121689571428567,0.42121689571428567
