admin1,cultivar,nitro,month,r,p,me,mae,rmse
Siaya,KY0004,15.657657244234805,3,-0.45160623132856675,0.3090564231307505,-0.1135587757142857,0.5058267042857142,0.5058267042857142
Siaya,KY0004,15.657657244234805,4,0.06452067376278847,0.8906941497118546,-0.01463020428571425,0.4054695614285714,0.4054695614285714
Siaya,KY0004,15.657657244234805,5,0.15863025017896687,0.7340763568417411,0.039584081428571394,0.3992552757142857,0.3992552757142857
