admin1,cultivar,nitro,month,r,p,me,mae,rmse
Siaya,IF0003,7.929096901407748,3,-0.16729439450951006,0.7199497961555382,-0.2539873471428571,0.5298267042857143,0.5298267042857143
Siaya,IF0003,7.929096901407748,4,0.13861240671019215,0.766938347309839,-0.07177306142857141,0.43304098999999996,0.43304098999999996
Siaya,IF0003,7.929096901407748,5,-0.1298261295917648,0.7814530106866422,-0.09998734714285709,0.4678267042857143,0.4678267042857143
