admin1,cultivar,nitro,month,r,p,me,mae,rmse
Siaya,KY0002,43.42952987067386,3,-0.1013753749623065,0.8287827873145007,0.06501265285714287,0.4453981328571429,0.4453981328571429
Siaya,KY0002,43.42952987067386,4,0.6458596479777277,0.117112840180297,0.09779836714285715,0.3351838471428571,0.3351838471428571
Siaya,KY0002,43.42952987067386,5,0.2000681722110938,0.6671102692924097,0.17144122428571426,0.41050261,0.41050261
