admin1,cultivar,nitro,month,r,p,me,mae,rmse
Trans Nzoia,KY0017,107.34721209318946,3,-0.04810077684757599,0.9184360181672382,-2.9067417371428568,2.9067417371428568,2.9067417371428568
Trans Nzoia,KY0017,107.34721209318946,4,0.04305834719001833,0.9269696233879503,-2.114741737142857,2.114741737142857,2.114741737142857
Trans Nzoia,KY0017,107.34721209318946,5,-0.45832008020095094,0.30100755296838605,-1.356741737142857,1.356741737142857,1.356741737142857
