admin1,cultivar,nitro,month,r,p,me,mae,rmse
Trans Nzoia,KY0010,154.45307343289733,3,-0.10305599101494356,0.8259742829020086,-2.6151703085714284,2.6840483171428566,2.6840483171428566
Trans Nzoia,KY0010,154.45307343289733,4,0.08255439348428102,0.8603283928543485,-1.2304560228571426,1.4958845942857142,1.4958845942857142
Trans Nzoia,KY0010,154.45307343289733,5,-0.1980501539848817,0.6703345681778925,-0.33017030857142865,0.9095202885714285,0.9095202885714285
