admin1,cultivar,nitro,month,r,p,me,mae,rmse
Trans Nzoia,KY0013,197.40942231955924,3,-0.11319195684660557,0.8090680176753708,-3.080884594285714,3.080884594285714,3.080884594285714
Trans Nzoia,KY0013,197.40942231955924,4,0.17498444308984118,0.7074641834698622,-2.4388845942857142,2.4388845942857142,2.4388845942857142
Trans Nzoia,KY0013,197.40942231955924,5,0.1693928745179965,0.7165376688861204,-1.8643131657142857,1.8643131657142857,1.8643131657142857
