admin1,cultivar,nitro,month,r,p,me,mae,rmse
Trans Nzoia,KY0006,197.40942231955924,3,-0.05582846902470209,0.9053702801518398,-2.97959888,2.97959888,2.97959888
Trans Nzoia,KY0006,197.40942231955924,4,0.03757404596392254,0.9362573369027065,-2.277884594285714,2.277884594285714,2.277884594285714
Trans Nzoia,KY0006,197.40942231955924,5,-0.30828481330337776,0.5011507440752792,-1.4784560228571428,1.4784560228571428,1.4784560228571428
