admin1,cultivar,nitro,month,r,p,me,mae,rmse
Trans Nzoia,KY0005,84.39018481658391,3,-0.08920657057984248,0.8491600749089966,-2.356027451428571,2.7757626028571427,2.7757626028571427
Trans Nzoia,KY0005,84.39018481658391,4,0.0733844127526147,0.8757539324290938,-1.2653131657142858,1.491368845714286,1.491368845714286
Trans Nzoia,KY0005,84.39018481658391,5,-0.32859173303932043,0.4717865354656881,-0.6418845942857143,0.918091717142857,0.918091717142857
