admin1,cultivar,nitro,month,r,p,me,mae,rmse
Trans Nzoia,IF0018,45.54692813300048,3,-0.11920748542349369,0.7990619196924139,-2.3658845942857143,2.63590546,2.63590546
Trans Nzoia,IF0018,45.54692813300048,4,0.02727404409148411,0.9537153641298945,-1.2678845942857142,1.3504768885714284,1.3504768885714284
Trans Nzoia,IF0018,45.54692813300048,5,-0.8451135279138547,0.01665200444002433,0.13397254857142865,0.439398297142857,0.439398297142857
