admin1,cultivar,nitro,month,r,p,me,mae,rmse
Trans Nzoia,KY0003,192.34196165756,3,-0.09690552202267821,0.8362594264958316,-2.5677417371428573,2.637191174285714,2.637191174285714
Trans Nzoia,KY0003,192.34196165756,4,0.08638877813310131,0.853888498512063,-1.3360274514285713,1.5363131657142859,1.5363131657142859
Trans Nzoia,KY0003,192.34196165756,5,-0.06870273174544084,0.8836416837391331,-0.4280274514285715,0.879091717142857,0.879091717142857
