admin1,cultivar,nitro,month,r,p,me,mae,rmse
Trans Nzoia,IF0009,40.246792266167645,3,-0.11414978340953932,0.8074733745423313,-2.450170308571429,2.62790546,2.62790546
Trans Nzoia,IF0009,40.246792266167645,4,0.03332910915083172,0.94345016781042,-1.2458845942857142,1.3699054599999998,1.3699054599999998
Trans Nzoia,IF0009,40.246792266167645,5,-0.647332573664825,0.11600285482433717,0.09925826285714276,0.42382686857142826,0.42382686857142826
