admin1,cultivar,nitro,month,r,p,me,mae,rmse
Trans Nzoia,IF0007,73.05986667521975,3,-0.12489066652442851,0.789628661165596,-2.345884594285714,2.6744768885714287,2.6744768885714287
Trans Nzoia,IF0007,73.05986667521975,4,0.06122889746710561,0.8962493301784378,-1.2547417371428569,1.4110274514285714,1.4110274514285714
Trans Nzoia,IF0007,73.05986667521975,5,-0.15235291510288632,0.7443489049038686,-0.26059887999999987,0.6790917171428571,0.6790917171428571
