admin1,cultivar,nitro,month,r,p,me,mae,rmse
Trans Nzoia,IF0011,58.95184606879418,3,-0.1266735957625369,0.7866734138258583,-2.302741737142857,2.646762602857143,2.646762602857143
Trans Nzoia,IF0011,58.95184606879418,4,0.028631332168958135,0.9514138609212185,-1.154741737142857,1.433048317142857,1.433048317142857
Trans Nzoia,IF0011,58.95184606879418,5,-0.4482148077958023,0.313157445247563,0.05482969142857146,0.47231112000000003,0.47231112000000003
