admin1,cultivar,nitro,month,r,p,me,mae,rmse
Trans Nzoia,IF0005,61.71200576059196,3,-0.12722789018327746,0.7857550709362964,-2.2568845942857143,2.6411911742857144,2.6411911742857144
Trans Nzoia,IF0005,61.71200576059196,4,0.049572935610880914,0.9159457402541704,-1.193741737142857,1.4386197457142857,1.4386197457142857
Trans Nzoia,IF0005,61.71200576059196,5,-0.23643369535717307,0.6097417993155629,-0.24802745142857147,0.4708060028571429,0.4708060028571429
