admin1,cultivar,nitro,month,r,p,me,mae,rmse
Trans Nzoia,KY0015,197.40942231955924,3,-0.05177149049728666,0.9122277258804171,-2.483741737142857,2.483741737142857,2.483741737142857
Trans Nzoia,KY0015,197.40942231955924,4,0.00348914466533648,0.994076680102178,-1.386741737142857,1.412191174285714,1.412191174285714
Trans Nzoia,KY0015,197.40942231955924,5,-0.21953093828426265,0.6362280193800068,-0.3877417371428572,0.5845202885714286,0.5845202885714286
