admin1,cultivar,nitro,month,r,p,me,mae,rmse
Trans Nzoia,KY0002,162.2653534020388,3,-0.10920046356171964,0.8157188862712813,-2.8747417371428567,2.8747417371428567,2.8747417371428567
Trans Nzoia,KY0002,162.2653534020388,4,0.06535718750911099,0.8892830135587089,-1.622456022857143,1.6353131657142856,1.6353131657142856
Trans Nzoia,KY0002,162.2653534020388,5,-0.1397912445804385,0.7649949756136664,-0.8374560228571427,0.92194886,0.92194886
