admin1,cultivar,nitro,month,r,p,me,mae,rmse
Uasin Gishu,KY0006,109.26508691273051,3,-0.23720191025715923,0.6085457957127038,-1.2039776528571429,1.2774062242857143,1.2774062242857143
Uasin Gishu,KY0006,109.26508691273051,4,0.353754986429581,0.4363079763004381,-1.0035490814285715,1.0035490814285715,1.0035490814285715
Uasin Gishu,KY0006,109.26508691273051,5,0.8305451432369126,0.02067666138771256,-0.9721919385714287,0.9721919385714287,0.9721919385714287
