admin1,cultivar,nitro,month,r,p,me,mae,rmse
Uasin Gishu,IF0007,85.26116172562209,3,-0.12198594047364744,0.7944475970853272,-0.2709776528571429,0.9614086442857144,0.9614086442857144
Uasin Gishu,IF0007,85.26116172562209,4,0.3659305710748999,0.41952017453964774,-0.19876336714285717,0.5758128214285714,0.5758128214285714
Uasin Gishu,IF0007,85.26116172562209,5,-0.24211460644155935,0.6009138780970558,-0.07726336714285724,0.8296943585714287,0.8296943585714287
