admin1,cultivar,nitro,month,r,p,me,mae,rmse
Uasin Gishu,KY0008,61.52566762435379,3,-0.21293405116325517,0.6466509857345981,-0.34219193857142854,0.9613372157142859,0.9613372157142859
Uasin Gishu,KY0008,61.52566762435379,4,0.7328562655051228,0.060975519857334286,0.027879489999999865,0.2550223471428571,0.2550223471428571
Uasin Gishu,KY0008,61.52566762435379,5,-0.24342543986124524,0.5988823439874569,0.36402234714285703,0.7077366328571427,0.7077366328571427
