admin1,cultivar,nitro,month,r,p,me,mae,rmse
Uasin Gishu,KY0004,127.01899325684346,3,-0.24393294995708203,0.5980963573691748,-0.36247765285714284,0.8949509185714286,0.8949509185714286
Uasin Gishu,KY0004,127.01899325684346,4,0.48591306017420605,0.26892049662711254,-0.08354908142857147,0.2722586071428574,0.2722586071428574
Uasin Gishu,KY0004,127.01899325684346,5,0.05356047699569969,0.9092032764585372,-0.26326336714285714,0.5228300357142858,0.5228300357142858
