admin1,cultivar,nitro,month,r,p,me,mae,rmse
Uasin Gishu,KY0017,112.46117974981073,3,-0.29777891576350357,0.5165865043291489,-1.1003347957142857,1.2129062242857143,1.2129062242857143
Uasin Gishu,KY0017,112.46117974981073,4,0.2059136723856365,0.6577936766113837,-0.8390490814285715,0.8390490814285715,0.8390490814285715
Uasin Gishu,KY0017,112.46117974981073,5,0.735505308490985,0.059567985164457236,-0.8681205099999999,0.8681205099999999,0.8681205099999999
