admin1,cultivar,nitro,month,r,p,me,mae,rmse
Uasin Gishu,IF0019,53.439087367481676,3,-0.2971903783253702,0.5174559851411541,-0.2501919385714287,1.1369086442857141,1.1369086442857141
Uasin Gishu,IF0019,53.439087367481676,4,0.5808795500829208,0.1714414257783786,0.031879489999999934,0.43088424999999997,0.43088424999999997
Uasin Gishu,IF0019,53.439087367481676,5,-0.04004521646905553,0.9320716252951997,0.16623663285714294,0.5681943585714287,0.5681943585714287
