admin1,cultivar,nitro,month,r,p,me,mae,rmse
Uasin Gishu,IF0008,52.35976901074035,3,-0.36978038503511845,0.41426517475454117,-0.16640622428571442,1.1568372157142854,1.1568372157142854
Uasin Gishu,IF0008,52.35976901074035,4,0.7718290333149301,0.04205759825681062,-0.09147765285714282,0.33252710714285716,0.33252710714285716
Uasin Gishu,IF0008,52.35976901074035,5,0.13498546150505566,0.7729236011545891,0.23280806142857147,0.4290515014285714,0.4290515014285714
