admin1,cultivar,nitro,month,r,p,me,mae,rmse
Uasin Gishu,KY0010,151.1197355671868,3,0.06555699074954997,0.888945994705357,-0.3686919385714284,0.8955937757142859,0.8955937757142859
Uasin Gishu,KY0010,151.1197355671868,4,0.31669678250108196,0.48891008206056435,-0.20754908142857145,0.4640151671428572,0.4640151671428572
Uasin Gishu,KY0010,151.1197355671868,5,-0.48357886870056044,0.2715720196286324,-0.15333479571428565,0.8376157500000002,0.8376157500000002
