admin1,cultivar,nitro,month,r,p,me,mae,rmse
Uasin Gishu,KY0011,96.82114803402838,3,0.0981692976439828,0.8341445181431196,-0.36112051,0.8404556785714282,0.8404556785714282
Uasin Gishu,KY0011,96.82114803402838,4,0.32756777787120833,0.47325188950505287,-0.3184062242857143,0.44087231000000016,0.44087231000000016
Uasin Gishu,KY0011,96.82114803402838,5,0.04872804566231411,0.917374875473888,-0.07069193857142851,0.7114437385714287,0.7114437385714287
